--- Logging error ---
Traceback (most recent call last):
  File "/home/chengzy/.conda/envs/graphcast/lib/python3.11/logging/__init__.py", line 1110, in emit
    msg = self.format(record)
          ^^^^^^^^^^^^^^^^^^^
  File "/home/chengzy/.conda/envs/graphcast/lib/python3.11/logging/__init__.py", line 953, in format
    return fmt.format(record)
           ^^^^^^^^^^^^^^^^^^
  File "/home/chengzy/.conda/envs/graphcast/lib/python3.11/logging/__init__.py", line 687, in format
    record.message = record.getMessage()
                     ^^^^^^^^^^^^^^^^^^^
  File "/home/chengzy/.conda/envs/graphcast/lib/python3.11/logging/__init__.py", line 377, in getMessage
    msg = msg % self.args
          ~~~~^~~~~~~~~~~
TypeError: not all arguments converted during string formatting
Call stack:
  File "/home/chengzy/graphcast/run_gr.py", line 334, in <module>
    main()
  File "/home/chengzy/graphcast/run_gr.py", line 292, in main
    params, state, model_config, task_config = load_checkpoint(CHECKPOINT_PATH)
  File "/home/chengzy/graphcast/run_gr.py", line 39, in load_checkpoint
    logger.info("license:\n", ckpt.license)
Message: 'license:\n'
Arguments: ('\nThe model weights are licensed under the Creative Commons\nAttribution-NonCommercial-ShareAlike 4.0 International (CC BY-NC-SA 4.0). You\nmay obtain a copy of the License at:\nhttps://creativecommons.org/licenses/by-nc-sa/4.0/.\nThe weights were trained on ERA5 data, see README for attribution statement.\n',)
/home/chengzy/graphcast/graphcast/rollout.py:330: FutureWarning: The return type of `Dataset.dims` will be changed to return a set of dimension names in future, in order to be more consistent with `DataArray.dims`. To access a mapping from dimension names to lengths, please use `Dataset.sizes`.
  num_target_steps = targets_template.dims["time"]
/home/chengzy/graphcast/graphcast/autoregressive.py:202: FutureWarning: The return type of `Dataset.dims` will be changed to return a set of dimension names in future, in order to be more consistent with `DataArray.dims`. To access a mapping from dimension names to lengths, please use `Dataset.sizes`.
  scan_length = targets_template.dims['time']
WARNING:absl:Skipping gradient checkpointing for sequence length of 1
CRITICAL:graphcast:Uncaught exception
Traceback (most recent call last):
  File "/home/chengzy/graphcast/run_gr.py", line 334, in <module>
    main()
  File "/home/chengzy/graphcast/run_gr.py", line 316, in main
    predictions = rollout.chunked_prediction(
                  ^^^^^^^^^^^^^^^^^^^^^^^^^^^
  File "/home/chengzy/graphcast/graphcast/rollout.py", line 259, in chunked_prediction
    for prediction_chunk in chunked_prediction_generator(
  File "/home/chengzy/graphcast/graphcast/rollout.py", line 382, in chunked_prediction_generator
    predictions = predictor_fn(
                  ^^^^^^^^^^^^^
  File "/home/chengzy/graphcast/run_gr.py", line 252, in <lambda>
    return lambda **kw: fn(**kw)[0]
                        ^^^^^^^^
  File "/home/chengzy/.conda/envs/graphcast/lib/python3.11/site-packages/haiku/_src/transform.py", line 459, in apply_fn
    except jax.errors.UnexpectedTracerError as e:
  File "/home/chengzy/graphcast/run_gr.py", line 243, in run_forward
    return predictor(inputs, targets_template=targets_template, forcings=forcings)
           ^^^^^^^^^^^^^^^^^^^^^^^^^^^^^^^^^^^^^^^^^^^^^^^^^^^^^^^^^^^^^^^^^^^^^^^
  File "/home/chengzy/graphcast/graphcast/autoregressive.py", line 212, in __call__
    _, flat_preds = hk.scan(one_step_prediction, inputs, scan_variables)
                    ^^^^^^^^^^^^^^^^^^^^^^^^^^^^^^^^^^^^^^^^^^^^^^^^^^^^
  File "/home/chengzy/.conda/envs/graphcast/lib/python3.11/site-packages/haiku/_src/stateful.py", line 644, in scan
    (carry, state), ys = jax.lax.scan(
                         ^^^^^^^^^^^^^
  File "/home/chengzy/.conda/envs/graphcast/lib/python3.11/site-packages/haiku/_src/stateful.py", line 627, in stateful_fun
    carry, out = f(carry, x)
                 ^^^^^^^^^^^
  File "/home/chengzy/graphcast/graphcast/autoregressive.py", line 183, in one_step_prediction
    predictions: xarray.Dataset = self._predictor(
                                  ^^^^^^^^^^^^^^^^
  File "/home/chengzy/graphcast/graphcast/normalization.py", line 156, in __call__
    norm_predictions = self._predictor(
                       ^^^^^^^^^^^^^^^^
  File "/home/chengzy/graphcast/graphcast/casting.py", line 55, in __call__
    predictions = self._predictor(
                  ^^^^^^^^^^^^^^^^
  File "/home/chengzy/graphcast/graphcast/graphcast.py", line 373, in __call__
    ) = self._run_grid2mesh_gnn(grid_node_features)
        ^^^^^^^^^^^^^^^^^^^^^^^^^^^^^^^^^^^^^^^^^^^
  File "/home/chengzy/graphcast/graphcast/graphcast.py", line 660, in _run_grid2mesh_gnn
    grid2mesh_out = self._grid2mesh_gnn(input_graph)
                    ^^^^^^^^^^^^^^^^^^^^^^^^^^^^^^^^
  File "/home/chengzy/.conda/envs/graphcast/lib/python3.11/site-packages/haiku/_src/module.py", line 464, in wrapped
    out = f(*args, **kwargs)
          ^^^^^^^^^^^^^^^^^^
  File "/home/chengzy/.conda/envs/graphcast/lib/python3.11/contextlib.py", line 81, in inner
    return func(*args, **kwds)
           ^^^^^^^^^^^^^^^^^^^
  File "/home/chengzy/.conda/envs/graphcast/lib/python3.11/site-packages/haiku/_src/module.py", line 305, in run_interceptors
    return bound_method(*args, **kwargs)
           ^^^^^^^^^^^^^^^^^^^^^^^^^^^^^
  File "/home/chengzy/graphcast/graphcast/deep_typed_graph_net.py", line 190, in __call__
    latent_graph_0 = self._embed(input_graph, embedder_network)
                     ^^^^^^^^^^^^^^^^^^^^^^^^^^^^^^^^^^^^^^^^^^
  File "/home/chengzy/.conda/envs/graphcast/lib/python3.11/site-packages/haiku/_src/module.py", line 464, in wrapped
    out = f(*args, **kwargs)
          ^^^^^^^^^^^^^^^^^^
  File "/home/chengzy/.conda/envs/graphcast/lib/python3.11/contextlib.py", line 81, in inner
    return func(*args, **kwds)
           ^^^^^^^^^^^^^^^^^^^
  File "/home/chengzy/.conda/envs/graphcast/lib/python3.11/contextlib.py", line 81, in inner
    return func(*args, **kwds)
           ^^^^^^^^^^^^^^^^^^^
  File "/home/chengzy/.conda/envs/graphcast/lib/python3.11/site-packages/haiku/_src/module.py", line 305, in run_interceptors
    return bound_method(*args, **kwargs)
           ^^^^^^^^^^^^^^^^^^^^^^^^^^^^^
  File "/home/chengzy/graphcast/graphcast/deep_typed_graph_net.py", line 353, in _embed
    latent_graph_0 = embedder_network(input_graph)
                     ^^^^^^^^^^^^^^^^^^^^^^^^^^^^^
  File "/home/chengzy/graphcast/graphcast/typed_graph_net.py", line 307, in _embed
    features=embed_fn(node_set.features))
             ^^^^^^^^^^^^^^^^^^^^^^^^^^^
  File "/home/chengzy/.conda/envs/graphcast/lib/python3.11/site-packages/jraph/_src/utils.py", line 828, in wrapper
    return f(concat_args)
           ^^^^^^^^^^^^^^
  File "/home/chengzy/.conda/envs/graphcast/lib/python3.11/site-packages/haiku/_src/module.py", line 464, in wrapped
    out = f(*args, **kwargs)
          ^^^^^^^^^^^^^^^^^^
  File "/home/chengzy/.conda/envs/graphcast/lib/python3.11/contextlib.py", line 81, in inner
    return func(*args, **kwds)
           ^^^^^^^^^^^^^^^^^^^
  File "/home/chengzy/.conda/envs/graphcast/lib/python3.11/site-packages/haiku/_src/module.py", line 305, in run_interceptors
    return bound_method(*args, **kwargs)
           ^^^^^^^^^^^^^^^^^^^^^^^^^^^^^
  File "/home/chengzy/.conda/envs/graphcast/lib/python3.11/site-packages/haiku/_src/basic.py", line 125, in __call__
    out = layer(out, *args, **kwargs)
          ^^^^^^^^^^^^^^^^^^^^^^^^^^^
  File "/home/chengzy/.conda/envs/graphcast/lib/python3.11/site-packages/jraph/_src/utils.py", line 828, in wrapper
    return f(concat_args)
           ^^^^^^^^^^^^^^
  File "/home/chengzy/.conda/envs/graphcast/lib/python3.11/site-packages/haiku/_src/module.py", line 464, in wrapped
    out = f(*args, **kwargs)
          ^^^^^^^^^^^^^^^^^^
  File "/home/chengzy/.conda/envs/graphcast/lib/python3.11/contextlib.py", line 81, in inner
    return func(*args, **kwds)
           ^^^^^^^^^^^^^^^^^^^
  File "/home/chengzy/.conda/envs/graphcast/lib/python3.11/site-packages/haiku/_src/module.py", line 305, in run_interceptors
    return bound_method(*args, **kwargs)
           ^^^^^^^^^^^^^^^^^^^^^^^^^^^^^
  File "/home/chengzy/.conda/envs/graphcast/lib/python3.11/site-packages/haiku/_src/nets/mlp.py", line 114, in __call__
    out = layer(out)
          ^^^^^^^^^^
  File "/home/chengzy/.conda/envs/graphcast/lib/python3.11/site-packages/haiku/_src/module.py", line 464, in wrapped
    out = f(*args, **kwargs)
          ^^^^^^^^^^^^^^^^^^
  File "/home/chengzy/.conda/envs/graphcast/lib/python3.11/contextlib.py", line 81, in inner
    return func(*args, **kwds)
           ^^^^^^^^^^^^^^^^^^^
  File "/home/chengzy/.conda/envs/graphcast/lib/python3.11/site-packages/haiku/_src/module.py", line 305, in run_interceptors
    return bound_method(*args, **kwargs)
           ^^^^^^^^^^^^^^^^^^^^^^^^^^^^^
  File "/home/chengzy/.conda/envs/graphcast/lib/python3.11/site-packages/haiku/_src/basic.py", line 178, in __call__
    w = hk.get_parameter("w", [input_size, output_size], dtype, init=w_init)
        ^^^^^^^^^^^^^^^^^^^^^^^^^^^^^^^^^^^^^^^^^^^^^^^^^^^^^^^^^^^^^^^^^^^^
  File "/home/chengzy/.conda/envs/graphcast/lib/python3.11/site-packages/haiku/_src/base.py", line 691, in get_parameter
    raise ValueError(
ValueError: 'grid2mesh_gnn/~_networks_builder/encoder_nodes_grid_nodes_mlp/~/linear_0/w' with retrieved shape (184, 512) does not match shape=[190, 512] dtype=dtype(bfloat16)
--------------------
For simplicity, JAX has removed its internal frames from the traceback of the following exception. Set JAX_TRACEBACK_FILTERING=off to include these.
/home/chengzy/graphcast/graphcast/rollout.py:330: FutureWarning: The return type of `Dataset.dims` will be changed to return a set of dimension names in future, in order to be more consistent with `DataArray.dims`. To access a mapping from dimension names to lengths, please use `Dataset.sizes`.
  num_target_steps = targets_template.dims["time"]
/home/chengzy/graphcast/graphcast/autoregressive.py:202: FutureWarning: The return type of `Dataset.dims` will be changed to return a set of dimension names in future, in order to be more consistent with `DataArray.dims`. To access a mapping from dimension names to lengths, please use `Dataset.sizes`.
  scan_length = targets_template.dims['time']
WARNING:absl:Skipping gradient checkpointing for sequence length of 1
CRITICAL:graphcast:Uncaught exception
Traceback (most recent call last):
  File "/home/chengzy/graphcast/run_gr.py", line 334, in <module>
    main()
  File "/home/chengzy/graphcast/run_gr.py", line 316, in main
    predictions = rollout.chunked_prediction(
                  ^^^^^^^^^^^^^^^^^^^^^^^^^^^
  File "/home/chengzy/graphcast/graphcast/rollout.py", line 259, in chunked_prediction
    for prediction_chunk in chunked_prediction_generator(
  File "/home/chengzy/graphcast/graphcast/rollout.py", line 382, in chunked_prediction_generator
    predictions = predictor_fn(
                  ^^^^^^^^^^^^^
  File "/home/chengzy/graphcast/run_gr.py", line 252, in <lambda>
    return lambda **kw: fn(**kw)[0]
                        ^^^^^^^^
  File "/home/chengzy/.conda/envs/graphcast/lib/python3.11/site-packages/haiku/_src/transform.py", line 459, in apply_fn
    except jax.errors.UnexpectedTracerError as e:
  File "/home/chengzy/graphcast/run_gr.py", line 243, in run_forward
    return predictor(inputs, targets_template=targets_template, forcings=forcings)
           ^^^^^^^^^^^^^^^^^^^^^^^^^^^^^^^^^^^^^^^^^^^^^^^^^^^^^^^^^^^^^^^^^^^^^^^
  File "/home/chengzy/graphcast/graphcast/autoregressive.py", line 212, in __call__
    _, flat_preds = hk.scan(one_step_prediction, inputs, scan_variables)
                    ^^^^^^^^^^^^^^^^^^^^^^^^^^^^^^^^^^^^^^^^^^^^^^^^^^^^
  File "/home/chengzy/.conda/envs/graphcast/lib/python3.11/site-packages/haiku/_src/stateful.py", line 644, in scan
    (carry, state), ys = jax.lax.scan(
                         ^^^^^^^^^^^^^
  File "/home/chengzy/.conda/envs/graphcast/lib/python3.11/site-packages/haiku/_src/stateful.py", line 627, in stateful_fun
    carry, out = f(carry, x)
                 ^^^^^^^^^^^
  File "/home/chengzy/graphcast/graphcast/autoregressive.py", line 183, in one_step_prediction
    predictions: xarray.Dataset = self._predictor(
                                  ^^^^^^^^^^^^^^^^
  File "/home/chengzy/graphcast/graphcast/normalization.py", line 156, in __call__
    norm_predictions = self._predictor(
                       ^^^^^^^^^^^^^^^^
  File "/home/chengzy/graphcast/graphcast/casting.py", line 55, in __call__
    predictions = self._predictor(
                  ^^^^^^^^^^^^^^^^
  File "/home/chengzy/graphcast/graphcast/graphcast.py", line 373, in __call__
    ) = self._run_grid2mesh_gnn(grid_node_features)
        ^^^^^^^^^^^^^^^^^^^^^^^^^^^^^^^^^^^^^^^^^^^
  File "/home/chengzy/graphcast/graphcast/graphcast.py", line 660, in _run_grid2mesh_gnn
    grid2mesh_out = self._grid2mesh_gnn(input_graph)
                    ^^^^^^^^^^^^^^^^^^^^^^^^^^^^^^^^
  File "/home/chengzy/.conda/envs/graphcast/lib/python3.11/site-packages/haiku/_src/module.py", line 464, in wrapped
    out = f(*args, **kwargs)
          ^^^^^^^^^^^^^^^^^^
  File "/home/chengzy/.conda/envs/graphcast/lib/python3.11/contextlib.py", line 81, in inner
    return func(*args, **kwds)
           ^^^^^^^^^^^^^^^^^^^
  File "/home/chengzy/.conda/envs/graphcast/lib/python3.11/site-packages/haiku/_src/module.py", line 305, in run_interceptors
    return bound_method(*args, **kwargs)
           ^^^^^^^^^^^^^^^^^^^^^^^^^^^^^
  File "/home/chengzy/graphcast/graphcast/deep_typed_graph_net.py", line 190, in __call__
    latent_graph_0 = self._embed(input_graph, embedder_network)
                     ^^^^^^^^^^^^^^^^^^^^^^^^^^^^^^^^^^^^^^^^^^
  File "/home/chengzy/.conda/envs/graphcast/lib/python3.11/site-packages/haiku/_src/module.py", line 464, in wrapped
    out = f(*args, **kwargs)
          ^^^^^^^^^^^^^^^^^^
  File "/home/chengzy/.conda/envs/graphcast/lib/python3.11/contextlib.py", line 81, in inner
    return func(*args, **kwds)
           ^^^^^^^^^^^^^^^^^^^
  File "/home/chengzy/.conda/envs/graphcast/lib/python3.11/contextlib.py", line 81, in inner
    return func(*args, **kwds)
           ^^^^^^^^^^^^^^^^^^^
  File "/home/chengzy/.conda/envs/graphcast/lib/python3.11/site-packages/haiku/_src/module.py", line 305, in run_interceptors
    return bound_method(*args, **kwargs)
           ^^^^^^^^^^^^^^^^^^^^^^^^^^^^^
  File "/home/chengzy/graphcast/graphcast/deep_typed_graph_net.py", line 353, in _embed
    latent_graph_0 = embedder_network(input_graph)
                     ^^^^^^^^^^^^^^^^^^^^^^^^^^^^^
  File "/home/chengzy/graphcast/graphcast/typed_graph_net.py", line 307, in _embed
    features=embed_fn(node_set.features))
             ^^^^^^^^^^^^^^^^^^^^^^^^^^^
  File "/home/chengzy/.conda/envs/graphcast/lib/python3.11/site-packages/jraph/_src/utils.py", line 828, in wrapper
    return f(concat_args)
           ^^^^^^^^^^^^^^
  File "/home/chengzy/.conda/envs/graphcast/lib/python3.11/site-packages/haiku/_src/module.py", line 464, in wrapped
    out = f(*args, **kwargs)
          ^^^^^^^^^^^^^^^^^^
  File "/home/chengzy/.conda/envs/graphcast/lib/python3.11/contextlib.py", line 81, in inner
    return func(*args, **kwds)
           ^^^^^^^^^^^^^^^^^^^
  File "/home/chengzy/.conda/envs/graphcast/lib/python3.11/site-packages/haiku/_src/module.py", line 305, in run_interceptors
    return bound_method(*args, **kwargs)
           ^^^^^^^^^^^^^^^^^^^^^^^^^^^^^
  File "/home/chengzy/.conda/envs/graphcast/lib/python3.11/site-packages/haiku/_src/basic.py", line 125, in __call__
    out = layer(out, *args, **kwargs)
          ^^^^^^^^^^^^^^^^^^^^^^^^^^^
  File "/home/chengzy/.conda/envs/graphcast/lib/python3.11/site-packages/jraph/_src/utils.py", line 828, in wrapper
    return f(concat_args)
           ^^^^^^^^^^^^^^
  File "/home/chengzy/.conda/envs/graphcast/lib/python3.11/site-packages/haiku/_src/module.py", line 464, in wrapped
    out = f(*args, **kwargs)
          ^^^^^^^^^^^^^^^^^^
  File "/home/chengzy/.conda/envs/graphcast/lib/python3.11/contextlib.py", line 81, in inner
    return func(*args, **kwds)
           ^^^^^^^^^^^^^^^^^^^
  File "/home/chengzy/.conda/envs/graphcast/lib/python3.11/site-packages/haiku/_src/module.py", line 305, in run_interceptors
    return bound_method(*args, **kwargs)
           ^^^^^^^^^^^^^^^^^^^^^^^^^^^^^
  File "/home/chengzy/.conda/envs/graphcast/lib/python3.11/site-packages/haiku/_src/nets/mlp.py", line 114, in __call__
    out = layer(out)
          ^^^^^^^^^^
  File "/home/chengzy/.conda/envs/graphcast/lib/python3.11/site-packages/haiku/_src/module.py", line 464, in wrapped
    out = f(*args, **kwargs)
          ^^^^^^^^^^^^^^^^^^
  File "/home/chengzy/.conda/envs/graphcast/lib/python3.11/contextlib.py", line 81, in inner
    return func(*args, **kwds)
           ^^^^^^^^^^^^^^^^^^^
  File "/home/chengzy/.conda/envs/graphcast/lib/python3.11/site-packages/haiku/_src/module.py", line 305, in run_interceptors
    return bound_method(*args, **kwargs)
           ^^^^^^^^^^^^^^^^^^^^^^^^^^^^^
  File "/home/chengzy/.conda/envs/graphcast/lib/python3.11/site-packages/haiku/_src/basic.py", line 178, in __call__
    w = hk.get_parameter("w", [input_size, output_size], dtype, init=w_init)
        ^^^^^^^^^^^^^^^^^^^^^^^^^^^^^^^^^^^^^^^^^^^^^^^^^^^^^^^^^^^^^^^^^^^^
  File "/home/chengzy/.conda/envs/graphcast/lib/python3.11/site-packages/haiku/_src/base.py", line 691, in get_parameter
    raise ValueError(
ValueError: 'grid2mesh_gnn/~_networks_builder/encoder_nodes_grid_nodes_mlp/~/linear_0/w' with retrieved shape (184, 512) does not match shape=[190, 512] dtype=dtype(bfloat16)
--------------------
For simplicity, JAX has removed its internal frames from the traceback of the following exception. Set JAX_TRACEBACK_FILTERING=off to include these.
/home/chengzy/graphcast/graphcast/rollout.py:330: FutureWarning: The return type of `Dataset.dims` will be changed to return a set of dimension names in future, in order to be more consistent with `DataArray.dims`. To access a mapping from dimension names to lengths, please use `Dataset.sizes`.
  num_target_steps = targets_template.dims["time"]
/home/chengzy/graphcast/graphcast/autoregressive.py:202: FutureWarning: The return type of `Dataset.dims` will be changed to return a set of dimension names in future, in order to be more consistent with `DataArray.dims`. To access a mapping from dimension names to lengths, please use `Dataset.sizes`.
  scan_length = targets_template.dims['time']
WARNING:absl:Skipping gradient checkpointing for sequence length of 1
CRITICAL:graphcast:Uncaught exception
Traceback (most recent call last):
  File "/home/chengzy/graphcast/run_gr.py", line 337, in <module>
    main()
  File "/home/chengzy/graphcast/run_gr.py", line 319, in main
    predictions = rollout.chunked_prediction(
                  ^^^^^^^^^^^^^^^^^^^^^^^^^^^
  File "/home/chengzy/graphcast/graphcast/rollout.py", line 259, in chunked_prediction
    for prediction_chunk in chunked_prediction_generator(
  File "/home/chengzy/graphcast/graphcast/rollout.py", line 382, in chunked_prediction_generator
    predictions = predictor_fn(
                  ^^^^^^^^^^^^^
  File "/home/chengzy/graphcast/run_gr.py", line 255, in <lambda>
    return lambda **kw: fn(**kw)[0]
                        ^^^^^^^^
  File "/home/chengzy/.conda/envs/graphcast/lib/python3.11/site-packages/haiku/_src/transform.py", line 459, in apply_fn
    except jax.errors.UnexpectedTracerError as e:
  File "/home/chengzy/graphcast/run_gr.py", line 246, in run_forward
    return predictor(inputs, targets_template=targets_template, forcings=forcings)
           ^^^^^^^^^^^^^^^^^^^^^^^^^^^^^^^^^^^^^^^^^^^^^^^^^^^^^^^^^^^^^^^^^^^^^^^
  File "/home/chengzy/graphcast/graphcast/autoregressive.py", line 212, in __call__
    _, flat_preds = hk.scan(one_step_prediction, inputs, scan_variables)
                    ^^^^^^^^^^^^^^^^^^^^^^^^^^^^^^^^^^^^^^^^^^^^^^^^^^^^
  File "/home/chengzy/.conda/envs/graphcast/lib/python3.11/site-packages/haiku/_src/stateful.py", line 644, in scan
    (carry, state), ys = jax.lax.scan(
                         ^^^^^^^^^^^^^
  File "/home/chengzy/.conda/envs/graphcast/lib/python3.11/site-packages/haiku/_src/stateful.py", line 627, in stateful_fun
    carry, out = f(carry, x)
                 ^^^^^^^^^^^
  File "/home/chengzy/graphcast/graphcast/autoregressive.py", line 183, in one_step_prediction
    predictions: xarray.Dataset = self._predictor(
                                  ^^^^^^^^^^^^^^^^
  File "/home/chengzy/graphcast/graphcast/normalization.py", line 156, in __call__
    norm_predictions = self._predictor(
                       ^^^^^^^^^^^^^^^^
  File "/home/chengzy/graphcast/graphcast/casting.py", line 55, in __call__
    predictions = self._predictor(
                  ^^^^^^^^^^^^^^^^
  File "/home/chengzy/graphcast/graphcast/graphcast.py", line 373, in __call__
    ) = self._run_grid2mesh_gnn(grid_node_features)
        ^^^^^^^^^^^^^^^^^^^^^^^^^^^^^^^^^^^^^^^^^^^
  File "/home/chengzy/graphcast/graphcast/graphcast.py", line 660, in _run_grid2mesh_gnn
    grid2mesh_out = self._grid2mesh_gnn(input_graph)
                    ^^^^^^^^^^^^^^^^^^^^^^^^^^^^^^^^
  File "/home/chengzy/.conda/envs/graphcast/lib/python3.11/site-packages/haiku/_src/module.py", line 464, in wrapped
    out = f(*args, **kwargs)
          ^^^^^^^^^^^^^^^^^^
  File "/home/chengzy/.conda/envs/graphcast/lib/python3.11/contextlib.py", line 81, in inner
    return func(*args, **kwds)
           ^^^^^^^^^^^^^^^^^^^
  File "/home/chengzy/.conda/envs/graphcast/lib/python3.11/site-packages/haiku/_src/module.py", line 305, in run_interceptors
    return bound_method(*args, **kwargs)
           ^^^^^^^^^^^^^^^^^^^^^^^^^^^^^
  File "/home/chengzy/graphcast/graphcast/deep_typed_graph_net.py", line 190, in __call__
    latent_graph_0 = self._embed(input_graph, embedder_network)
                     ^^^^^^^^^^^^^^^^^^^^^^^^^^^^^^^^^^^^^^^^^^
  File "/home/chengzy/.conda/envs/graphcast/lib/python3.11/site-packages/haiku/_src/module.py", line 464, in wrapped
    out = f(*args, **kwargs)
          ^^^^^^^^^^^^^^^^^^
  File "/home/chengzy/.conda/envs/graphcast/lib/python3.11/contextlib.py", line 81, in inner
    return func(*args, **kwds)
           ^^^^^^^^^^^^^^^^^^^
  File "/home/chengzy/.conda/envs/graphcast/lib/python3.11/contextlib.py", line 81, in inner
    return func(*args, **kwds)
           ^^^^^^^^^^^^^^^^^^^
  File "/home/chengzy/.conda/envs/graphcast/lib/python3.11/site-packages/haiku/_src/module.py", line 305, in run_interceptors
    return bound_method(*args, **kwargs)
           ^^^^^^^^^^^^^^^^^^^^^^^^^^^^^
  File "/home/chengzy/graphcast/graphcast/deep_typed_graph_net.py", line 353, in _embed
    latent_graph_0 = embedder_network(input_graph)
                     ^^^^^^^^^^^^^^^^^^^^^^^^^^^^^
  File "/home/chengzy/graphcast/graphcast/typed_graph_net.py", line 307, in _embed
    features=embed_fn(node_set.features))
             ^^^^^^^^^^^^^^^^^^^^^^^^^^^
  File "/home/chengzy/.conda/envs/graphcast/lib/python3.11/site-packages/jraph/_src/utils.py", line 828, in wrapper
    return f(concat_args)
           ^^^^^^^^^^^^^^
  File "/home/chengzy/.conda/envs/graphcast/lib/python3.11/site-packages/haiku/_src/module.py", line 464, in wrapped
    out = f(*args, **kwargs)
          ^^^^^^^^^^^^^^^^^^
  File "/home/chengzy/.conda/envs/graphcast/lib/python3.11/contextlib.py", line 81, in inner
    return func(*args, **kwds)
           ^^^^^^^^^^^^^^^^^^^
  File "/home/chengzy/.conda/envs/graphcast/lib/python3.11/site-packages/haiku/_src/module.py", line 305, in run_interceptors
    return bound_method(*args, **kwargs)
           ^^^^^^^^^^^^^^^^^^^^^^^^^^^^^
  File "/home/chengzy/.conda/envs/graphcast/lib/python3.11/site-packages/haiku/_src/basic.py", line 125, in __call__
    out = layer(out, *args, **kwargs)
          ^^^^^^^^^^^^^^^^^^^^^^^^^^^
  File "/home/chengzy/.conda/envs/graphcast/lib/python3.11/site-packages/jraph/_src/utils.py", line 828, in wrapper
    return f(concat_args)
           ^^^^^^^^^^^^^^
  File "/home/chengzy/.conda/envs/graphcast/lib/python3.11/site-packages/haiku/_src/module.py", line 464, in wrapped
    out = f(*args, **kwargs)
          ^^^^^^^^^^^^^^^^^^
  File "/home/chengzy/.conda/envs/graphcast/lib/python3.11/contextlib.py", line 81, in inner
    return func(*args, **kwds)
           ^^^^^^^^^^^^^^^^^^^
  File "/home/chengzy/.conda/envs/graphcast/lib/python3.11/site-packages/haiku/_src/module.py", line 305, in run_interceptors
    return bound_method(*args, **kwargs)
           ^^^^^^^^^^^^^^^^^^^^^^^^^^^^^
  File "/home/chengzy/.conda/envs/graphcast/lib/python3.11/site-packages/haiku/_src/nets/mlp.py", line 114, in __call__
    out = layer(out)
          ^^^^^^^^^^
  File "/home/chengzy/.conda/envs/graphcast/lib/python3.11/site-packages/haiku/_src/module.py", line 464, in wrapped
    out = f(*args, **kwargs)
          ^^^^^^^^^^^^^^^^^^
  File "/home/chengzy/.conda/envs/graphcast/lib/python3.11/contextlib.py", line 81, in inner
    return func(*args, **kwds)
           ^^^^^^^^^^^^^^^^^^^
  File "/home/chengzy/.conda/envs/graphcast/lib/python3.11/site-packages/haiku/_src/module.py", line 305, in run_interceptors
    return bound_method(*args, **kwargs)
           ^^^^^^^^^^^^^^^^^^^^^^^^^^^^^
  File "/home/chengzy/.conda/envs/graphcast/lib/python3.11/site-packages/haiku/_src/basic.py", line 178, in __call__
    w = hk.get_parameter("w", [input_size, output_size], dtype, init=w_init)
        ^^^^^^^^^^^^^^^^^^^^^^^^^^^^^^^^^^^^^^^^^^^^^^^^^^^^^^^^^^^^^^^^^^^^
  File "/home/chengzy/.conda/envs/graphcast/lib/python3.11/site-packages/haiku/_src/base.py", line 691, in get_parameter
    raise ValueError(
ValueError: 'grid2mesh_gnn/~_networks_builder/encoder_nodes_grid_nodes_mlp/~/linear_0/w' with retrieved shape (184, 512) does not match shape=[190, 512] dtype=dtype(bfloat16)
--------------------
For simplicity, JAX has removed its internal frames from the traceback of the following exception. Set JAX_TRACEBACK_FILTERING=off to include these.
/home/chengzy/graphcast/graphcast/rollout.py:330: FutureWarning: The return type of `Dataset.dims` will be changed to return a set of dimension names in future, in order to be more consistent with `DataArray.dims`. To access a mapping from dimension names to lengths, please use `Dataset.sizes`.
  num_target_steps = targets_template.dims["time"]
/home/chengzy/graphcast/graphcast/autoregressive.py:202: FutureWarning: The return type of `Dataset.dims` will be changed to return a set of dimension names in future, in order to be more consistent with `DataArray.dims`. To access a mapping from dimension names to lengths, please use `Dataset.sizes`.
  scan_length = targets_template.dims['time']
WARNING:absl:Skipping gradient checkpointing for sequence length of 1
CRITICAL:graphcast:Uncaught exception
Traceback (most recent call last):
  File "/home/chengzy/graphcast/run_gr.py", line 341, in <module>
    main()
  File "/home/chengzy/graphcast/run_gr.py", line 323, in main
    predictions = rollout.chunked_prediction(
                  ^^^^^^^^^^^^^^^^^^^^^^^^^^^
  File "/home/chengzy/graphcast/graphcast/rollout.py", line 259, in chunked_prediction
    for prediction_chunk in chunked_prediction_generator(
  File "/home/chengzy/graphcast/graphcast/rollout.py", line 382, in chunked_prediction_generator
    predictions = predictor_fn(
                  ^^^^^^^^^^^^^
  File "/home/chengzy/graphcast/run_gr.py", line 258, in <lambda>
    return lambda **kw: fn(**kw)[0]
                        ^^^^^^^^
  File "/home/chengzy/.conda/envs/graphcast/lib/python3.11/site-packages/jax/_src/traceback_util.py", line 195, in reraise_with_filtered_traceback
    return fun(*args, **kwargs)  # pyrefly: ignore[not-callable]
           ^^^^^^^^^^^^^^^^^^^^
  File "/home/chengzy/.conda/envs/graphcast/lib/python3.11/site-packages/jax/_src/pjit.py", line 250, in cache_miss
    p, args_flat = _infer_params(fun, jit_info, args, kwargs)
                   ^^^^^^^^^^^^^^^^^^^^^^^^^^^^^^^^^^^^^^^^^^
  File "/home/chengzy/.conda/envs/graphcast/lib/python3.11/site-packages/jax/_src/pjit.py", line 620, in _infer_params
    p = _trace_for_jit(fun, ji, ctx_mesh, dbg_fn(), avals, args, kwargs)
        ^^^^^^^^^^^^^^^^^^^^^^^^^^^^^^^^^^^^^^^^^^^^^^^^^^^^^^^^^^^^^^^^
  File "/home/chengzy/.conda/envs/graphcast/lib/python3.11/site-packages/jax/_src/pjit.py", line 522, in _trace_for_jit
    jaxpr, out_avals = pe.trace_to_jaxpr(fun, in_type, dbg, qdd_token)
                       ^^^^^^^^^^^^^^^^^^^^^^^^^^^^^^^^^^^^^^^^^^^^^^^
  File "/home/chengzy/.conda/envs/graphcast/lib/python3.11/site-packages/jax/_src/interpreters/partial_eval.py", line 2338, in trace_to_jaxpr
    ans_pytree = fun(*args, **kwargs)
                 ^^^^^^^^^^^^^^^^^^^^
  File "/home/chengzy/.conda/envs/graphcast/lib/python3.11/site-packages/haiku/_src/transform.py", line 458, in apply_fn
    out = f(*args, **kwargs)
          ^^^^^^^^^^^^^^^^^^
  File "/home/chengzy/graphcast/run_gr.py", line 249, in run_forward
    return predictor(inputs, targets_template=targets_template, forcings=forcings)
           ^^^^^^^^^^^^^^^^^^^^^^^^^^^^^^^^^^^^^^^^^^^^^^^^^^^^^^^^^^^^^^^^^^^^^^^
  File "/home/chengzy/graphcast/graphcast/autoregressive.py", line 212, in __call__
    _, flat_preds = hk.scan(one_step_prediction, inputs, scan_variables)
                    ^^^^^^^^^^^^^^^^^^^^^^^^^^^^^^^^^^^^^^^^^^^^^^^^^^^^
  File "/home/chengzy/.conda/envs/graphcast/lib/python3.11/site-packages/haiku/_src/stateful.py", line 644, in scan
    (carry, state), ys = jax.lax.scan(
                         ^^^^^^^^^^^^^
  File "/home/chengzy/.conda/envs/graphcast/lib/python3.11/site-packages/jax/_src/traceback_util.py", line 195, in reraise_with_filtered_traceback
    return fun(*args, **kwargs)  # pyrefly: ignore[not-callable]
           ^^^^^^^^^^^^^^^^^^^^
  File "/home/chengzy/.conda/envs/graphcast/lib/python3.11/site-packages/jax/_src/lax/control_flow/loops.py", line 402, in scan
    jaxpr, out_avals, consts = _create_jaxpr(init_avals)
                               ^^^^^^^^^^^^^^^^^^^^^^^^^
  File "/home/chengzy/.conda/envs/graphcast/lib/python3.11/site-packages/jax/_src/lax/control_flow/loops.py", line 387, in _create_jaxpr
    jaxpr, out_avals = pe.trace_to_jaxpr(f, new_arg_avals, dbg_body)
                       ^^^^^^^^^^^^^^^^^^^^^^^^^^^^^^^^^^^^^^^^^^^^^
  File "/home/chengzy/.conda/envs/graphcast/lib/python3.11/site-packages/jax/_src/interpreters/partial_eval.py", line 2338, in trace_to_jaxpr
    ans_pytree = fun(*args, **kwargs)
                 ^^^^^^^^^^^^^^^^^^^^
  File "/home/chengzy/.conda/envs/graphcast/lib/python3.11/site-packages/haiku/_src/stateful.py", line 627, in stateful_fun
    carry, out = f(carry, x)
                 ^^^^^^^^^^^
  File "/home/chengzy/graphcast/graphcast/autoregressive.py", line 183, in one_step_prediction
    predictions: xarray.Dataset = self._predictor(
                                  ^^^^^^^^^^^^^^^^
  File "/home/chengzy/graphcast/graphcast/normalization.py", line 156, in __call__
    norm_predictions = self._predictor(
                       ^^^^^^^^^^^^^^^^
  File "/home/chengzy/graphcast/graphcast/casting.py", line 55, in __call__
    predictions = self._predictor(
                  ^^^^^^^^^^^^^^^^
  File "/home/chengzy/graphcast/graphcast/graphcast.py", line 373, in __call__
    ) = self._run_grid2mesh_gnn(grid_node_features)
        ^^^^^^^^^^^^^^^^^^^^^^^^^^^^^^^^^^^^^^^^^^^
  File "/home/chengzy/graphcast/graphcast/graphcast.py", line 660, in _run_grid2mesh_gnn
    grid2mesh_out = self._grid2mesh_gnn(input_graph)
                    ^^^^^^^^^^^^^^^^^^^^^^^^^^^^^^^^
  File "/home/chengzy/.conda/envs/graphcast/lib/python3.11/site-packages/haiku/_src/module.py", line 464, in wrapped
    out = f(*args, **kwargs)
          ^^^^^^^^^^^^^^^^^^
  File "/home/chengzy/.conda/envs/graphcast/lib/python3.11/contextlib.py", line 81, in inner
    return func(*args, **kwds)
           ^^^^^^^^^^^^^^^^^^^
  File "/home/chengzy/.conda/envs/graphcast/lib/python3.11/site-packages/haiku/_src/module.py", line 305, in run_interceptors
    return bound_method(*args, **kwargs)
           ^^^^^^^^^^^^^^^^^^^^^^^^^^^^^
  File "/home/chengzy/graphcast/graphcast/deep_typed_graph_net.py", line 190, in __call__
    latent_graph_0 = self._embed(input_graph, embedder_network)
                     ^^^^^^^^^^^^^^^^^^^^^^^^^^^^^^^^^^^^^^^^^^
  File "/home/chengzy/.conda/envs/graphcast/lib/python3.11/site-packages/haiku/_src/module.py", line 464, in wrapped
    out = f(*args, **kwargs)
          ^^^^^^^^^^^^^^^^^^
  File "/home/chengzy/.conda/envs/graphcast/lib/python3.11/contextlib.py", line 81, in inner
    return func(*args, **kwds)
           ^^^^^^^^^^^^^^^^^^^
  File "/home/chengzy/.conda/envs/graphcast/lib/python3.11/contextlib.py", line 81, in inner
    return func(*args, **kwds)
           ^^^^^^^^^^^^^^^^^^^
  File "/home/chengzy/.conda/envs/graphcast/lib/python3.11/site-packages/haiku/_src/module.py", line 305, in run_interceptors
    return bound_method(*args, **kwargs)
           ^^^^^^^^^^^^^^^^^^^^^^^^^^^^^
  File "/home/chengzy/graphcast/graphcast/deep_typed_graph_net.py", line 353, in _embed
    latent_graph_0 = embedder_network(input_graph)
                     ^^^^^^^^^^^^^^^^^^^^^^^^^^^^^
  File "/home/chengzy/graphcast/graphcast/typed_graph_net.py", line 307, in _embed
    features=embed_fn(node_set.features))
             ^^^^^^^^^^^^^^^^^^^^^^^^^^^
  File "/home/chengzy/.conda/envs/graphcast/lib/python3.11/site-packages/jraph/_src/utils.py", line 828, in wrapper
    return f(concat_args)
           ^^^^^^^^^^^^^^
  File "/home/chengzy/.conda/envs/graphcast/lib/python3.11/site-packages/haiku/_src/module.py", line 464, in wrapped
    out = f(*args, **kwargs)
          ^^^^^^^^^^^^^^^^^^
  File "/home/chengzy/.conda/envs/graphcast/lib/python3.11/contextlib.py", line 81, in inner
    return func(*args, **kwds)
           ^^^^^^^^^^^^^^^^^^^
  File "/home/chengzy/.conda/envs/graphcast/lib/python3.11/site-packages/haiku/_src/module.py", line 305, in run_interceptors
    return bound_method(*args, **kwargs)
           ^^^^^^^^^^^^^^^^^^^^^^^^^^^^^
  File "/home/chengzy/.conda/envs/graphcast/lib/python3.11/site-packages/haiku/_src/basic.py", line 125, in __call__
    out = layer(out, *args, **kwargs)
          ^^^^^^^^^^^^^^^^^^^^^^^^^^^
  File "/home/chengzy/.conda/envs/graphcast/lib/python3.11/site-packages/jraph/_src/utils.py", line 828, in wrapper
    return f(concat_args)
           ^^^^^^^^^^^^^^
  File "/home/chengzy/.conda/envs/graphcast/lib/python3.11/site-packages/haiku/_src/module.py", line 464, in wrapped
    out = f(*args, **kwargs)
          ^^^^^^^^^^^^^^^^^^
  File "/home/chengzy/.conda/envs/graphcast/lib/python3.11/contextlib.py", line 81, in inner
    return func(*args, **kwds)
           ^^^^^^^^^^^^^^^^^^^
  File "/home/chengzy/.conda/envs/graphcast/lib/python3.11/site-packages/haiku/_src/module.py", line 305, in run_interceptors
    return bound_method(*args, **kwargs)
           ^^^^^^^^^^^^^^^^^^^^^^^^^^^^^
  File "/home/chengzy/.conda/envs/graphcast/lib/python3.11/site-packages/haiku/_src/nets/mlp.py", line 114, in __call__
    out = layer(out)
          ^^^^^^^^^^
  File "/home/chengzy/.conda/envs/graphcast/lib/python3.11/site-packages/haiku/_src/module.py", line 464, in wrapped
    out = f(*args, **kwargs)
          ^^^^^^^^^^^^^^^^^^
  File "/home/chengzy/.conda/envs/graphcast/lib/python3.11/contextlib.py", line 81, in inner
    return func(*args, **kwds)
           ^^^^^^^^^^^^^^^^^^^
  File "/home/chengzy/.conda/envs/graphcast/lib/python3.11/site-packages/haiku/_src/module.py", line 305, in run_interceptors
    return bound_method(*args, **kwargs)
           ^^^^^^^^^^^^^^^^^^^^^^^^^^^^^
  File "/home/chengzy/.conda/envs/graphcast/lib/python3.11/site-packages/haiku/_src/basic.py", line 178, in __call__
    w = hk.get_parameter("w", [input_size, output_size], dtype, init=w_init)
        ^^^^^^^^^^^^^^^^^^^^^^^^^^^^^^^^^^^^^^^^^^^^^^^^^^^^^^^^^^^^^^^^^^^^
  File "/home/chengzy/.conda/envs/graphcast/lib/python3.11/site-packages/haiku/_src/base.py", line 691, in get_parameter
    raise ValueError(
ValueError: 'grid2mesh_gnn/~_networks_builder/encoder_nodes_grid_nodes_mlp/~/linear_0/w' with retrieved shape (184, 512) does not match shape=[190, 512] dtype=dtype(bfloat16)
/home/chengzy/graphcast/graphcast/rollout.py:330: FutureWarning: The return type of `Dataset.dims` will be changed to return a set of dimension names in future, in order to be more consistent with `DataArray.dims`. To access a mapping from dimension names to lengths, please use `Dataset.sizes`.
  num_target_steps = targets_template.dims["time"]
/home/chengzy/graphcast/graphcast/autoregressive.py:202: FutureWarning: The return type of `Dataset.dims` will be changed to return a set of dimension names in future, in order to be more consistent with `DataArray.dims`. To access a mapping from dimension names to lengths, please use `Dataset.sizes`.
  scan_length = targets_template.dims['time']
WARNING:absl:Skipping gradient checkpointing for sequence length of 1
CRITICAL:graphcast:Uncaught exception
Traceback (most recent call last):
  File "/home/chengzy/graphcast/run_gr.py", line 342, in <module>
    main()
  File "/home/chengzy/graphcast/run_gr.py", line 324, in main
    predictions = rollout.chunked_prediction(
                  ^^^^^^^^^^^^^^^^^^^^^^^^^^^
  File "/home/chengzy/graphcast/graphcast/rollout.py", line 259, in chunked_prediction
    for prediction_chunk in chunked_prediction_generator(
  File "/home/chengzy/graphcast/graphcast/rollout.py", line 382, in chunked_prediction_generator
    predictions = predictor_fn(
                  ^^^^^^^^^^^^^
  File "/home/chengzy/graphcast/run_gr.py", line 259, in <lambda>
    return lambda **kw: fn(**kw)[0]
                        ^^^^^^^^
  File "/home/chengzy/.conda/envs/graphcast/lib/python3.11/site-packages/jax/_src/traceback_util.py", line 195, in reraise_with_filtered_traceback
    return fun(*args, **kwargs)  # pyrefly: ignore[not-callable]
           ^^^^^^^^^^^^^^^^^^^^
  File "/home/chengzy/.conda/envs/graphcast/lib/python3.11/site-packages/jax/_src/pjit.py", line 250, in cache_miss
    p, args_flat = _infer_params(fun, jit_info, args, kwargs)
                   ^^^^^^^^^^^^^^^^^^^^^^^^^^^^^^^^^^^^^^^^^^
  File "/home/chengzy/.conda/envs/graphcast/lib/python3.11/site-packages/jax/_src/pjit.py", line 620, in _infer_params
    p = _trace_for_jit(fun, ji, ctx_mesh, dbg_fn(), avals, args, kwargs)
        ^^^^^^^^^^^^^^^^^^^^^^^^^^^^^^^^^^^^^^^^^^^^^^^^^^^^^^^^^^^^^^^^
  File "/home/chengzy/.conda/envs/graphcast/lib/python3.11/site-packages/jax/_src/pjit.py", line 522, in _trace_for_jit
    jaxpr, out_avals = pe.trace_to_jaxpr(fun, in_type, dbg, qdd_token)
                       ^^^^^^^^^^^^^^^^^^^^^^^^^^^^^^^^^^^^^^^^^^^^^^^
  File "/home/chengzy/.conda/envs/graphcast/lib/python3.11/site-packages/jax/_src/interpreters/partial_eval.py", line 2338, in trace_to_jaxpr
    ans_pytree = fun(*args, **kwargs)
                 ^^^^^^^^^^^^^^^^^^^^
  File "/home/chengzy/.conda/envs/graphcast/lib/python3.11/site-packages/haiku/_src/transform.py", line 458, in apply_fn
    out = f(*args, **kwargs)
          ^^^^^^^^^^^^^^^^^^
  File "/home/chengzy/graphcast/run_gr.py", line 250, in run_forward
    return predictor(inputs, targets_template=targets_template, forcings=forcings)
           ^^^^^^^^^^^^^^^^^^^^^^^^^^^^^^^^^^^^^^^^^^^^^^^^^^^^^^^^^^^^^^^^^^^^^^^
  File "/home/chengzy/graphcast/graphcast/autoregressive.py", line 212, in __call__
    _, flat_preds = hk.scan(one_step_prediction, inputs, scan_variables)
                    ^^^^^^^^^^^^^^^^^^^^^^^^^^^^^^^^^^^^^^^^^^^^^^^^^^^^
  File "/home/chengzy/.conda/envs/graphcast/lib/python3.11/site-packages/haiku/_src/stateful.py", line 644, in scan
    (carry, state), ys = jax.lax.scan(
                         ^^^^^^^^^^^^^
  File "/home/chengzy/.conda/envs/graphcast/lib/python3.11/site-packages/jax/_src/traceback_util.py", line 195, in reraise_with_filtered_traceback
    return fun(*args, **kwargs)  # pyrefly: ignore[not-callable]
           ^^^^^^^^^^^^^^^^^^^^
  File "/home/chengzy/.conda/envs/graphcast/lib/python3.11/site-packages/jax/_src/lax/control_flow/loops.py", line 402, in scan
    jaxpr, out_avals, consts = _create_jaxpr(init_avals)
                               ^^^^^^^^^^^^^^^^^^^^^^^^^
  File "/home/chengzy/.conda/envs/graphcast/lib/python3.11/site-packages/jax/_src/lax/control_flow/loops.py", line 387, in _create_jaxpr
    jaxpr, out_avals = pe.trace_to_jaxpr(f, new_arg_avals, dbg_body)
                       ^^^^^^^^^^^^^^^^^^^^^^^^^^^^^^^^^^^^^^^^^^^^^
  File "/home/chengzy/.conda/envs/graphcast/lib/python3.11/site-packages/jax/_src/interpreters/partial_eval.py", line 2338, in trace_to_jaxpr
    ans_pytree = fun(*args, **kwargs)
                 ^^^^^^^^^^^^^^^^^^^^
  File "/home/chengzy/.conda/envs/graphcast/lib/python3.11/site-packages/haiku/_src/stateful.py", line 627, in stateful_fun
    carry, out = f(carry, x)
                 ^^^^^^^^^^^
  File "/home/chengzy/graphcast/graphcast/autoregressive.py", line 183, in one_step_prediction
    predictions: xarray.Dataset = self._predictor(
                                  ^^^^^^^^^^^^^^^^
  File "/home/chengzy/graphcast/graphcast/normalization.py", line 156, in __call__
    norm_predictions = self._predictor(
                       ^^^^^^^^^^^^^^^^
  File "/home/chengzy/graphcast/graphcast/casting.py", line 55, in __call__
    predictions = self._predictor(
                  ^^^^^^^^^^^^^^^^
  File "/home/chengzy/graphcast/graphcast/graphcast.py", line 373, in __call__
    ) = self._run_grid2mesh_gnn(grid_node_features)
        ^^^^^^^^^^^^^^^^^^^^^^^^^^^^^^^^^^^^^^^^^^^
  File "/home/chengzy/graphcast/graphcast/graphcast.py", line 660, in _run_grid2mesh_gnn
    grid2mesh_out = self._grid2mesh_gnn(input_graph)
                    ^^^^^^^^^^^^^^^^^^^^^^^^^^^^^^^^
  File "/home/chengzy/.conda/envs/graphcast/lib/python3.11/site-packages/haiku/_src/module.py", line 464, in wrapped
    out = f(*args, **kwargs)
          ^^^^^^^^^^^^^^^^^^
  File "/home/chengzy/.conda/envs/graphcast/lib/python3.11/contextlib.py", line 81, in inner
    return func(*args, **kwds)
           ^^^^^^^^^^^^^^^^^^^
  File "/home/chengzy/.conda/envs/graphcast/lib/python3.11/site-packages/haiku/_src/module.py", line 305, in run_interceptors
    return bound_method(*args, **kwargs)
           ^^^^^^^^^^^^^^^^^^^^^^^^^^^^^
  File "/home/chengzy/graphcast/graphcast/deep_typed_graph_net.py", line 190, in __call__
    latent_graph_0 = self._embed(input_graph, embedder_network)
                     ^^^^^^^^^^^^^^^^^^^^^^^^^^^^^^^^^^^^^^^^^^
  File "/home/chengzy/.conda/envs/graphcast/lib/python3.11/site-packages/haiku/_src/module.py", line 464, in wrapped
    out = f(*args, **kwargs)
          ^^^^^^^^^^^^^^^^^^
  File "/home/chengzy/.conda/envs/graphcast/lib/python3.11/contextlib.py", line 81, in inner
    return func(*args, **kwds)
           ^^^^^^^^^^^^^^^^^^^
  File "/home/chengzy/.conda/envs/graphcast/lib/python3.11/contextlib.py", line 81, in inner
    return func(*args, **kwds)
           ^^^^^^^^^^^^^^^^^^^
  File "/home/chengzy/.conda/envs/graphcast/lib/python3.11/site-packages/haiku/_src/module.py", line 305, in run_interceptors
    return bound_method(*args, **kwargs)
           ^^^^^^^^^^^^^^^^^^^^^^^^^^^^^
  File "/home/chengzy/graphcast/graphcast/deep_typed_graph_net.py", line 353, in _embed
    latent_graph_0 = embedder_network(input_graph)
                     ^^^^^^^^^^^^^^^^^^^^^^^^^^^^^
  File "/home/chengzy/graphcast/graphcast/typed_graph_net.py", line 307, in _embed
    features=embed_fn(node_set.features))
             ^^^^^^^^^^^^^^^^^^^^^^^^^^^
  File "/home/chengzy/.conda/envs/graphcast/lib/python3.11/site-packages/jraph/_src/utils.py", line 828, in wrapper
    return f(concat_args)
           ^^^^^^^^^^^^^^
  File "/home/chengzy/.conda/envs/graphcast/lib/python3.11/site-packages/haiku/_src/module.py", line 464, in wrapped
    out = f(*args, **kwargs)
          ^^^^^^^^^^^^^^^^^^
  File "/home/chengzy/.conda/envs/graphcast/lib/python3.11/contextlib.py", line 81, in inner
    return func(*args, **kwds)
           ^^^^^^^^^^^^^^^^^^^
  File "/home/chengzy/.conda/envs/graphcast/lib/python3.11/site-packages/haiku/_src/module.py", line 305, in run_interceptors
    return bound_method(*args, **kwargs)
           ^^^^^^^^^^^^^^^^^^^^^^^^^^^^^
  File "/home/chengzy/.conda/envs/graphcast/lib/python3.11/site-packages/haiku/_src/basic.py", line 125, in __call__
    out = layer(out, *args, **kwargs)
          ^^^^^^^^^^^^^^^^^^^^^^^^^^^
  File "/home/chengzy/.conda/envs/graphcast/lib/python3.11/site-packages/jraph/_src/utils.py", line 828, in wrapper
    return f(concat_args)
           ^^^^^^^^^^^^^^
  File "/home/chengzy/.conda/envs/graphcast/lib/python3.11/site-packages/haiku/_src/module.py", line 464, in wrapped
    out = f(*args, **kwargs)
          ^^^^^^^^^^^^^^^^^^
  File "/home/chengzy/.conda/envs/graphcast/lib/python3.11/contextlib.py", line 81, in inner
    return func(*args, **kwds)
           ^^^^^^^^^^^^^^^^^^^
  File "/home/chengzy/.conda/envs/graphcast/lib/python3.11/site-packages/haiku/_src/module.py", line 305, in run_interceptors
    return bound_method(*args, **kwargs)
           ^^^^^^^^^^^^^^^^^^^^^^^^^^^^^
  File "/home/chengzy/.conda/envs/graphcast/lib/python3.11/site-packages/haiku/_src/nets/mlp.py", line 114, in __call__
    out = layer(out)
          ^^^^^^^^^^
  File "/home/chengzy/.conda/envs/graphcast/lib/python3.11/site-packages/haiku/_src/module.py", line 464, in wrapped
    out = f(*args, **kwargs)
          ^^^^^^^^^^^^^^^^^^
  File "/home/chengzy/.conda/envs/graphcast/lib/python3.11/contextlib.py", line 81, in inner
    return func(*args, **kwds)
           ^^^^^^^^^^^^^^^^^^^
  File "/home/chengzy/.conda/envs/graphcast/lib/python3.11/site-packages/haiku/_src/module.py", line 305, in run_interceptors
    return bound_method(*args, **kwargs)
           ^^^^^^^^^^^^^^^^^^^^^^^^^^^^^
  File "/home/chengzy/.conda/envs/graphcast/lib/python3.11/site-packages/haiku/_src/basic.py", line 178, in __call__
    w = hk.get_parameter("w", [input_size, output_size], dtype, init=w_init)
        ^^^^^^^^^^^^^^^^^^^^^^^^^^^^^^^^^^^^^^^^^^^^^^^^^^^^^^^^^^^^^^^^^^^^
  File "/home/chengzy/.conda/envs/graphcast/lib/python3.11/site-packages/haiku/_src/base.py", line 691, in get_parameter
    raise ValueError(
ValueError: 'grid2mesh_gnn/~_networks_builder/encoder_nodes_grid_nodes_mlp/~/linear_0/w' with retrieved shape (184, 512) does not match shape=[190, 512] dtype=dtype(bfloat16)
/home/chengzy/graphcast/graphcast/rollout.py:330: FutureWarning: The return type of `Dataset.dims` will be changed to return a set of dimension names in future, in order to be more consistent with `DataArray.dims`. To access a mapping from dimension names to lengths, please use `Dataset.sizes`.
  num_target_steps = targets_template.dims["time"]
/home/chengzy/graphcast/graphcast/autoregressive.py:202: FutureWarning: The return type of `Dataset.dims` will be changed to return a set of dimension names in future, in order to be more consistent with `DataArray.dims`. To access a mapping from dimension names to lengths, please use `Dataset.sizes`.
  scan_length = targets_template.dims['time']
WARNING:absl:Skipping gradient checkpointing for sequence length of 1
CRITICAL:graphcast:Uncaught exception
Traceback (most recent call last):
  File "/home/chengzy/graphcast/run_gr.py", line 343, in <module>
    main()
  File "/home/chengzy/graphcast/run_gr.py", line 324, in main
    predictions = rollout.chunked_prediction(
                  ^^^^^^^^^^^^^^^^^^^^^^^^^^^
  File "/home/chengzy/graphcast/graphcast/rollout.py", line 259, in chunked_prediction
    for prediction_chunk in chunked_prediction_generator(
  File "/home/chengzy/graphcast/graphcast/rollout.py", line 382, in chunked_prediction_generator
    predictions = predictor_fn(
                  ^^^^^^^^^^^^^
  File "/home/chengzy/graphcast/run_gr.py", line 259, in <lambda>
    return lambda **kw: fn(**kw)[0]
                        ^^^^^^^^
  File "/home/chengzy/.conda/envs/graphcast/lib/python3.11/site-packages/jax/_src/traceback_util.py", line 195, in reraise_with_filtered_traceback
    return fun(*args, **kwargs)  # pyrefly: ignore[not-callable]
           ^^^^^^^^^^^^^^^^^^^^
  File "/home/chengzy/.conda/envs/graphcast/lib/python3.11/site-packages/jax/_src/pjit.py", line 250, in cache_miss
    p, args_flat = _infer_params(fun, jit_info, args, kwargs)
                   ^^^^^^^^^^^^^^^^^^^^^^^^^^^^^^^^^^^^^^^^^^
  File "/home/chengzy/.conda/envs/graphcast/lib/python3.11/site-packages/jax/_src/pjit.py", line 620, in _infer_params
    p = _trace_for_jit(fun, ji, ctx_mesh, dbg_fn(), avals, args, kwargs)
        ^^^^^^^^^^^^^^^^^^^^^^^^^^^^^^^^^^^^^^^^^^^^^^^^^^^^^^^^^^^^^^^^
  File "/home/chengzy/.conda/envs/graphcast/lib/python3.11/site-packages/jax/_src/pjit.py", line 522, in _trace_for_jit
    jaxpr, out_avals = pe.trace_to_jaxpr(fun, in_type, dbg, qdd_token)
                       ^^^^^^^^^^^^^^^^^^^^^^^^^^^^^^^^^^^^^^^^^^^^^^^
  File "/home/chengzy/.conda/envs/graphcast/lib/python3.11/site-packages/jax/_src/interpreters/partial_eval.py", line 2338, in trace_to_jaxpr
    ans_pytree = fun(*args, **kwargs)
                 ^^^^^^^^^^^^^^^^^^^^
  File "/home/chengzy/.conda/envs/graphcast/lib/python3.11/site-packages/haiku/_src/transform.py", line 458, in apply_fn
    out = f(*args, **kwargs)
          ^^^^^^^^^^^^^^^^^^
  File "/home/chengzy/graphcast/run_gr.py", line 250, in run_forward
    return predictor(inputs, targets_template=targets_template, forcings=forcings)
           ^^^^^^^^^^^^^^^^^^^^^^^^^^^^^^^^^^^^^^^^^^^^^^^^^^^^^^^^^^^^^^^^^^^^^^^
  File "/home/chengzy/graphcast/graphcast/autoregressive.py", line 212, in __call__
    _, flat_preds = hk.scan(one_step_prediction, inputs, scan_variables)
                    ^^^^^^^^^^^^^^^^^^^^^^^^^^^^^^^^^^^^^^^^^^^^^^^^^^^^
  File "/home/chengzy/.conda/envs/graphcast/lib/python3.11/site-packages/haiku/_src/stateful.py", line 644, in scan
    (carry, state), ys = jax.lax.scan(
                         ^^^^^^^^^^^^^
  File "/home/chengzy/.conda/envs/graphcast/lib/python3.11/site-packages/jax/_src/traceback_util.py", line 195, in reraise_with_filtered_traceback
    return fun(*args, **kwargs)  # pyrefly: ignore[not-callable]
           ^^^^^^^^^^^^^^^^^^^^
  File "/home/chengzy/.conda/envs/graphcast/lib/python3.11/site-packages/jax/_src/lax/control_flow/loops.py", line 402, in scan
    jaxpr, out_avals, consts = _create_jaxpr(init_avals)
                               ^^^^^^^^^^^^^^^^^^^^^^^^^
  File "/home/chengzy/.conda/envs/graphcast/lib/python3.11/site-packages/jax/_src/lax/control_flow/loops.py", line 387, in _create_jaxpr
    jaxpr, out_avals = pe.trace_to_jaxpr(f, new_arg_avals, dbg_body)
                       ^^^^^^^^^^^^^^^^^^^^^^^^^^^^^^^^^^^^^^^^^^^^^
  File "/home/chengzy/.conda/envs/graphcast/lib/python3.11/site-packages/jax/_src/interpreters/partial_eval.py", line 2338, in trace_to_jaxpr
    ans_pytree = fun(*args, **kwargs)
                 ^^^^^^^^^^^^^^^^^^^^
  File "/home/chengzy/.conda/envs/graphcast/lib/python3.11/site-packages/haiku/_src/stateful.py", line 627, in stateful_fun
    carry, out = f(carry, x)
                 ^^^^^^^^^^^
  File "/home/chengzy/graphcast/graphcast/autoregressive.py", line 183, in one_step_prediction
    predictions: xarray.Dataset = self._predictor(
                                  ^^^^^^^^^^^^^^^^
  File "/home/chengzy/graphcast/graphcast/normalization.py", line 156, in __call__
    norm_predictions = self._predictor(
                       ^^^^^^^^^^^^^^^^
  File "/home/chengzy/graphcast/graphcast/casting.py", line 55, in __call__
    predictions = self._predictor(
                  ^^^^^^^^^^^^^^^^
  File "/home/chengzy/graphcast/graphcast/graphcast.py", line 373, in __call__
    ) = self._run_grid2mesh_gnn(grid_node_features)
        ^^^^^^^^^^^^^^^^^^^^^^^^^^^^^^^^^^^^^^^^^^^
  File "/home/chengzy/graphcast/graphcast/graphcast.py", line 660, in _run_grid2mesh_gnn
    grid2mesh_out = self._grid2mesh_gnn(input_graph)
                    ^^^^^^^^^^^^^^^^^^^^^^^^^^^^^^^^
  File "/home/chengzy/.conda/envs/graphcast/lib/python3.11/site-packages/haiku/_src/module.py", line 464, in wrapped
    out = f(*args, **kwargs)
          ^^^^^^^^^^^^^^^^^^
  File "/home/chengzy/.conda/envs/graphcast/lib/python3.11/contextlib.py", line 81, in inner
    return func(*args, **kwds)
           ^^^^^^^^^^^^^^^^^^^
  File "/home/chengzy/.conda/envs/graphcast/lib/python3.11/site-packages/haiku/_src/module.py", line 305, in run_interceptors
    return bound_method(*args, **kwargs)
           ^^^^^^^^^^^^^^^^^^^^^^^^^^^^^
  File "/home/chengzy/graphcast/graphcast/deep_typed_graph_net.py", line 190, in __call__
    latent_graph_0 = self._embed(input_graph, embedder_network)
                     ^^^^^^^^^^^^^^^^^^^^^^^^^^^^^^^^^^^^^^^^^^
  File "/home/chengzy/.conda/envs/graphcast/lib/python3.11/site-packages/haiku/_src/module.py", line 464, in wrapped
    out = f(*args, **kwargs)
          ^^^^^^^^^^^^^^^^^^
  File "/home/chengzy/.conda/envs/graphcast/lib/python3.11/contextlib.py", line 81, in inner
    return func(*args, **kwds)
           ^^^^^^^^^^^^^^^^^^^
  File "/home/chengzy/.conda/envs/graphcast/lib/python3.11/contextlib.py", line 81, in inner
    return func(*args, **kwds)
           ^^^^^^^^^^^^^^^^^^^
  File "/home/chengzy/.conda/envs/graphcast/lib/python3.11/site-packages/haiku/_src/module.py", line 305, in run_interceptors
    return bound_method(*args, **kwargs)
           ^^^^^^^^^^^^^^^^^^^^^^^^^^^^^
  File "/home/chengzy/graphcast/graphcast/deep_typed_graph_net.py", line 353, in _embed
    latent_graph_0 = embedder_network(input_graph)
                     ^^^^^^^^^^^^^^^^^^^^^^^^^^^^^
  File "/home/chengzy/graphcast/graphcast/typed_graph_net.py", line 307, in _embed
    features=embed_fn(node_set.features))
             ^^^^^^^^^^^^^^^^^^^^^^^^^^^
  File "/home/chengzy/.conda/envs/graphcast/lib/python3.11/site-packages/jraph/_src/utils.py", line 828, in wrapper
    return f(concat_args)
           ^^^^^^^^^^^^^^
  File "/home/chengzy/.conda/envs/graphcast/lib/python3.11/site-packages/haiku/_src/module.py", line 464, in wrapped
    out = f(*args, **kwargs)
          ^^^^^^^^^^^^^^^^^^
  File "/home/chengzy/.conda/envs/graphcast/lib/python3.11/contextlib.py", line 81, in inner
    return func(*args, **kwds)
           ^^^^^^^^^^^^^^^^^^^
  File "/home/chengzy/.conda/envs/graphcast/lib/python3.11/site-packages/haiku/_src/module.py", line 305, in run_interceptors
    return bound_method(*args, **kwargs)
           ^^^^^^^^^^^^^^^^^^^^^^^^^^^^^
  File "/home/chengzy/.conda/envs/graphcast/lib/python3.11/site-packages/haiku/_src/basic.py", line 125, in __call__
    out = layer(out, *args, **kwargs)
          ^^^^^^^^^^^^^^^^^^^^^^^^^^^
  File "/home/chengzy/.conda/envs/graphcast/lib/python3.11/site-packages/jraph/_src/utils.py", line 828, in wrapper
    return f(concat_args)
           ^^^^^^^^^^^^^^
  File "/home/chengzy/.conda/envs/graphcast/lib/python3.11/site-packages/haiku/_src/module.py", line 464, in wrapped
    out = f(*args, **kwargs)
          ^^^^^^^^^^^^^^^^^^
  File "/home/chengzy/.conda/envs/graphcast/lib/python3.11/contextlib.py", line 81, in inner
    return func(*args, **kwds)
           ^^^^^^^^^^^^^^^^^^^
  File "/home/chengzy/.conda/envs/graphcast/lib/python3.11/site-packages/haiku/_src/module.py", line 305, in run_interceptors
    return bound_method(*args, **kwargs)
           ^^^^^^^^^^^^^^^^^^^^^^^^^^^^^
  File "/home/chengzy/.conda/envs/graphcast/lib/python3.11/site-packages/haiku/_src/nets/mlp.py", line 114, in __call__
    out = layer(out)
          ^^^^^^^^^^
  File "/home/chengzy/.conda/envs/graphcast/lib/python3.11/site-packages/haiku/_src/module.py", line 464, in wrapped
    out = f(*args, **kwargs)
          ^^^^^^^^^^^^^^^^^^
  File "/home/chengzy/.conda/envs/graphcast/lib/python3.11/contextlib.py", line 81, in inner
    return func(*args, **kwds)
           ^^^^^^^^^^^^^^^^^^^
  File "/home/chengzy/.conda/envs/graphcast/lib/python3.11/site-packages/haiku/_src/module.py", line 305, in run_interceptors
    return bound_method(*args, **kwargs)
           ^^^^^^^^^^^^^^^^^^^^^^^^^^^^^
  File "/home/chengzy/.conda/envs/graphcast/lib/python3.11/site-packages/haiku/_src/basic.py", line 178, in __call__
    w = hk.get_parameter("w", [input_size, output_size], dtype, init=w_init)
        ^^^^^^^^^^^^^^^^^^^^^^^^^^^^^^^^^^^^^^^^^^^^^^^^^^^^^^^^^^^^^^^^^^^^
  File "/home/chengzy/.conda/envs/graphcast/lib/python3.11/site-packages/haiku/_src/base.py", line 691, in get_parameter
    raise ValueError(
ValueError: 'grid2mesh_gnn/~_networks_builder/encoder_nodes_grid_nodes_mlp/~/linear_0/w' with retrieved shape (184, 512) does not match shape=[190, 512] dtype=dtype(bfloat16)
/home/chengzy/graphcast/graphcast/rollout.py:330: FutureWarning: The return type of `Dataset.dims` will be changed to return a set of dimension names in future, in order to be more consistent with `DataArray.dims`. To access a mapping from dimension names to lengths, please use `Dataset.sizes`.
  num_target_steps = targets_template.dims["time"]
/home/chengzy/graphcast/graphcast/autoregressive.py:202: FutureWarning: The return type of `Dataset.dims` will be changed to return a set of dimension names in future, in order to be more consistent with `DataArray.dims`. To access a mapping from dimension names to lengths, please use `Dataset.sizes`.
  scan_length = targets_template.dims['time']
WARNING:absl:Skipping gradient checkpointing for sequence length of 1
/home/chengzy/graphcast/graphcast/autoregressive.py:115: FutureWarning: The return type of `Dataset.dims` will be changed to return a set of dimension names in future, in order to be more consistent with `DataArray.dims`. To access a mapping from dimension names to lengths, please use `Dataset.sizes`.
  num_inputs = inputs.dims['time']
E0526 12:08:09.409744 1310841 gpu_hlo_schedule.cc:971] The byte size of input/output arguments (39785422848) exceeds the base limit (33924684185). This indicates an error in the calculation!
E0526 12:08:09.410688 1310913 gpu_hlo_schedule.cc:971] The byte size of input/output arguments (39785422848) exceeds the base limit (33924684185). This indicates an error in the calculation!
E0526 12:08:09.410692 1310896 gpu_hlo_schedule.cc:971] The byte size of input/output arguments (39785422848) exceeds the base limit (33924684185). This indicates an error in the calculation!
E0526 12:08:09.411769 1310916 gpu_hlo_schedule.cc:971] The byte size of input/output arguments (39785422848) exceeds the base limit (33924684185). This indicates an error in the calculation!
E0526 12:08:09.411232 1310836 gpu_hlo_schedule.cc:971] The byte size of input/output arguments (39785422848) exceeds the base limit (33924684185). This indicates an error in the calculation!
E0526 12:08:09.412289 1310909 gpu_hlo_schedule.cc:971] The byte size of input/output arguments (39785422848) exceeds the base limit (33924684185). This indicates an error in the calculation!
E0526 12:08:09.412303 1310905 gpu_hlo_schedule.cc:971] The byte size of input/output arguments (39785422848) exceeds the base limit (33924684185). This indicates an error in the calculation!
E0526 12:08:09.412324 1310930 gpu_hlo_schedule.cc:971] The byte size of input/output arguments (39785422848) exceeds the base limit (33924684185). This indicates an error in the calculation!
E0526 12:08:09.412825 1310838 gpu_hlo_schedule.cc:971] The byte size of input/output arguments (39785422848) exceeds the base limit (33924684185). This indicates an error in the calculation!
E0526 12:08:09.413940 1310845 gpu_hlo_schedule.cc:971] The byte size of input/output arguments (39785422848) exceeds the base limit (33924684185). This indicates an error in the calculation!
E0526 12:08:09.413963 1310875 gpu_hlo_schedule.cc:971] The byte size of input/output arguments (39785422848) exceeds the base limit (33924684185). This indicates an error in the calculation!
E0526 12:08:09.413944 1310891 gpu_hlo_schedule.cc:971] The byte size of input/output arguments (39785422848) exceeds the base limit (33924684185). This indicates an error in the calculation!
E0526 12:08:09.414539 1310843 gpu_hlo_schedule.cc:971] The byte size of input/output arguments (39785422848) exceeds the base limit (33924684185). This indicates an error in the calculation!
E0526 12:08:09.414501 1310901 gpu_hlo_schedule.cc:971] The byte size of input/output arguments (39785422848) exceeds the base limit (33924684185). This indicates an error in the calculation!
E0526 12:08:09.414558 1310880 gpu_hlo_schedule.cc:971] The byte size of input/output arguments (39785422848) exceeds the base limit (33924684185). This indicates an error in the calculation!
E0526 12:08:09.414590 1310888 gpu_hlo_schedule.cc:971] The byte size of input/output arguments (39785422848) exceeds the base limit (33924684185). This indicates an error in the calculation!
E0526 12:08:09.415112 1310922 gpu_hlo_schedule.cc:971] The byte size of input/output arguments (39785422848) exceeds the base limit (33924684185). This indicates an error in the calculation!
E0526 12:08:09.415156 1310890 gpu_hlo_schedule.cc:971] The byte size of input/output arguments (39785422848) exceeds the base limit (33924684185). This indicates an error in the calculation!
E0526 12:08:09.415574 1310857 gpu_hlo_schedule.cc:971] The byte size of input/output arguments (39785422848) exceeds the base limit (33924684185). This indicates an error in the calculation!
E0526 12:08:09.416179 1310859 gpu_hlo_schedule.cc:971] The byte size of input/output arguments (39785422848) exceeds the base limit (33924684185). This indicates an error in the calculation!
E0526 12:08:09.416244 1310867 gpu_hlo_schedule.cc:971] The byte size of input/output arguments (39785422848) exceeds the base limit (33924684185). This indicates an error in the calculation!
E0526 12:08:09.416288 1310828 gpu_hlo_schedule.cc:971] The byte size of input/output arguments (39785422848) exceeds the base limit (33924684185). This indicates an error in the calculation!
E0526 12:08:09.416242 1310858 gpu_hlo_schedule.cc:971] The byte size of input/output arguments (39785422848) exceeds the base limit (33924684185). This indicates an error in the calculation!
E0526 12:08:09.416723 1310840 gpu_hlo_schedule.cc:971] The byte size of input/output arguments (39785422848) exceeds the base limit (33924684185). This indicates an error in the calculation!
E0526 12:08:09.416779 1310869 gpu_hlo_schedule.cc:971] The byte size of input/output arguments (39785422848) exceeds the base limit (33924684185). This indicates an error in the calculation!
E0526 12:08:09.416249 1310885 gpu_hlo_schedule.cc:971] The byte size of input/output arguments (39785422848) exceeds the base limit (33924684185). This indicates an error in the calculation!
E0526 12:08:09.416859 1310874 gpu_hlo_schedule.cc:971] The byte size of input/output arguments (39785422848) exceeds the base limit (33924684185). This indicates an error in the calculation!
E0526 12:08:09.416334 1310847 gpu_hlo_schedule.cc:971] The byte size of input/output arguments (39785422848) exceeds the base limit (33924684185). This indicates an error in the calculation!
W0526 12:08:09.417498 1310891 hlo_rematerialization.cc:3233] Can't reduce memory use below 9.26GiB (9945569280 bytes) by rematerialization; only reduced to 9.27GiB (9951336464 bytes), down from 9.27GiB (9951336464 bytes) originally
W0526 12:08:09.418161 1310880 hlo_rematerialization.cc:3233] Can't reduce memory use below 9.26GiB (9945569280 bytes) by rematerialization; only reduced to 9.27GiB (9951336464 bytes), down from 9.27GiB (9951336464 bytes) originally
E0526 12:08:09.417380 1310931 gpu_hlo_schedule.cc:971] The byte size of input/output arguments (39785422848) exceeds the base limit (33924684185). This indicates an error in the calculation!
W0526 12:08:09.418622 1310901 hlo_rematerialization.cc:3233] Can't reduce memory use below 9.26GiB (9945569280 bytes) by rematerialization; only reduced to 9.27GiB (9951336464 bytes), down from 9.27GiB (9951336464 bytes) originally
W0526 12:08:09.418683 1310888 hlo_rematerialization.cc:3233] Can't reduce memory use below 9.26GiB (9945569280 bytes) by rematerialization; only reduced to 9.27GiB (9951336464 bytes), down from 9.27GiB (9951336464 bytes) originally
W0526 12:08:09.419842 1310857 hlo_rematerialization.cc:3233] Can't reduce memory use below 9.26GiB (9945569280 bytes) by rematerialization; only reduced to 9.27GiB (9951336464 bytes), down from 9.27GiB (9951336464 bytes) originally
W0526 12:08:09.420479 1310885 hlo_rematerialization.cc:3233] Can't reduce memory use below 9.26GiB (9945569280 bytes) by rematerialization; only reduced to 9.27GiB (9951336464 bytes), down from 9.27GiB (9951336464 bytes) originally
W0526 12:08:09.421052 1310840 hlo_rematerialization.cc:3233] Can't reduce memory use below 9.26GiB (9945569280 bytes) by rematerialization; only reduced to 9.27GiB (9951336464 bytes), down from 9.27GiB (9951336464 bytes) originally
W0526 12:08:09.475311 1310931 hlo_rematerialization.cc:3233] Can't reduce memory use below 9.26GiB (9945569280 bytes) by rematerialization; only reduced to 9.27GiB (9951336464 bytes), down from 9.27GiB (9951336464 bytes) originally
E0526 12:08:10.109447 1310926 gpu_hlo_schedule.cc:971] The byte size of input/output arguments (38274727936) exceeds the base limit (33924684185). This indicates an error in the calculation!
E0526 12:08:10.125168 1310861 gpu_hlo_schedule.cc:971] The byte size of input/output arguments (76550504448) exceeds the base limit (33924684185). This indicates an error in the calculation!
E0526 12:08:10.130888 1310792 gpu_hlo_schedule.cc:971] The byte size of input/output arguments (76550504448) exceeds the base limit (33924684185). This indicates an error in the calculation!
E0526 12:08:10.142723 1310820 gpu_hlo_schedule.cc:971] The byte size of input/output arguments (76550504448) exceeds the base limit (33924684185). This indicates an error in the calculation!
E0526 12:08:10.144984 1310791 gpu_hlo_schedule.cc:971] The byte size of input/output arguments (76550504448) exceeds the base limit (33924684185). This indicates an error in the calculation!
E0526 12:08:10.145075 1310787 gpu_hlo_schedule.cc:971] The byte size of input/output arguments (38274727936) exceeds the base limit (33924684185). This indicates an error in the calculation!
E0526 12:08:10.149924 1310880 gpu_hlo_schedule.cc:971] The byte size of input/output arguments (38274727936) exceeds the base limit (33924684185). This indicates an error in the calculation!
E0526 12:08:10.158148 1310929 gpu_hlo_schedule.cc:971] The byte size of input/output arguments (38274727936) exceeds the base limit (33924684185). This indicates an error in the calculation!
W0526 12:08:10.158605 1310929 hlo_rematerialization.cc:3233] Can't reduce memory use below 17.82GiB (19136839680 bytes) by rematerialization; only reduced to 17.83GiB (19141558288 bytes), down from 17.83GiB (19141558288 bytes) originally
E0526 12:08:10.165643 1310712 gpu_hlo_schedule.cc:971] The byte size of input/output arguments (76550504448) exceeds the base limit (33924684185). This indicates an error in the calculation!
W0526 12:08:10.165923 1310712 hlo_rematerialization.cc:3233] Can't reduce memory use below 17.82GiB (19136839680 bytes) by rematerialization; only reduced to 17.83GiB (19142606864 bytes), down from 17.83GiB (19142606864 bytes) originally
E0526 12:08:10.179239 1310898 gpu_hlo_schedule.cc:971] The byte size of input/output arguments (38274727936) exceeds the base limit (33924684185). This indicates an error in the calculation!
W0526 12:08:10.179658 1310898 hlo_rematerialization.cc:3233] Can't reduce memory use below 17.82GiB (19136839680 bytes) by rematerialization; only reduced to 17.83GiB (19141558288 bytes), down from 17.83GiB (19141558288 bytes) originally
E0526 12:08:10.182483 1310899 gpu_hlo_schedule.cc:971] The byte size of input/output arguments (38274727936) exceeds the base limit (33924684185). This indicates an error in the calculation!
E0526 12:08:10.182871 1310802 gpu_hlo_schedule.cc:971] The byte size of input/output arguments (38274727936) exceeds the base limit (33924684185). This indicates an error in the calculation!
W0526 12:08:10.182971 1310899 hlo_rematerialization.cc:3233] Can't reduce memory use below 17.82GiB (19136839680 bytes) by rematerialization; only reduced to 17.83GiB (19141558288 bytes), down from 17.83GiB (19141558288 bytes) originally
W0526 12:08:10.183372 1310802 hlo_rematerialization.cc:3233] Can't reduce memory use below 17.82GiB (19136839680 bytes) by rematerialization; only reduced to 17.83GiB (19141558288 bytes), down from 17.83GiB (19141558288 bytes) originally
E0526 12:08:10.196232 1310769 gpu_hlo_schedule.cc:971] The byte size of input/output arguments (38274727936) exceeds the base limit (33924684185). This indicates an error in the calculation!
E0526 12:08:10.197487 1310746 gpu_hlo_schedule.cc:971] The byte size of input/output arguments (76550504448) exceeds the base limit (33924684185). This indicates an error in the calculation!
E0526 12:08:10.197523 1310801 gpu_hlo_schedule.cc:971] The byte size of input/output arguments (38274727936) exceeds the base limit (33924684185). This indicates an error in the calculation!
E0526 12:08:10.197654 1310904 gpu_hlo_schedule.cc:971] The byte size of input/output arguments (38274727936) exceeds the base limit (33924684185). This indicates an error in the calculation!
W0526 12:08:10.197923 1310746 hlo_rematerialization.cc:3233] Can't reduce memory use below 17.82GiB (19136839680 bytes) by rematerialization; only reduced to 17.83GiB (19142606864 bytes), down from 17.83GiB (19142606864 bytes) originally
E0526 12:08:10.200684 1310765 gpu_hlo_schedule.cc:971] The byte size of input/output arguments (38274727936) exceeds the base limit (33924684185). This indicates an error in the calculation!
E0526 12:08:10.200696 1310702 gpu_hlo_schedule.cc:971] The byte size of input/output arguments (76550504448) exceeds the base limit (33924684185). This indicates an error in the calculation!
W0526 12:08:10.201004 1310702 hlo_rematerialization.cc:3233] Can't reduce memory use below 17.82GiB (19136839680 bytes) by rematerialization; only reduced to 17.83GiB (19142606864 bytes), down from 17.83GiB (19142606864 bytes) originally
W0526 12:08:10.201117 1310765 hlo_rematerialization.cc:3233] Can't reduce memory use below 17.82GiB (19136839680 bytes) by rematerialization; only reduced to 17.83GiB (19141558288 bytes), down from 17.83GiB (19141558288 bytes) originally
E0526 12:08:10.205922 1310931 gpu_hlo_schedule.cc:971] The byte size of input/output arguments (38274727936) exceeds the base limit (33924684185). This indicates an error in the calculation!
E0526 12:08:10.214739 1310684 gpu_hlo_schedule.cc:971] The byte size of input/output arguments (38274727936) exceeds the base limit (33924684185). This indicates an error in the calculation!
E0526 12:08:10.219271 1310790 gpu_hlo_schedule.cc:971] The byte size of input/output arguments (38274727936) exceeds the base limit (33924684185). This indicates an error in the calculation!
E0526 12:08:10.225166 1310720 gpu_hlo_schedule.cc:971] The byte size of input/output arguments (76550504448) exceeds the base limit (33924684185). This indicates an error in the calculation!
E0526 12:08:10.229634 1310693 gpu_hlo_schedule.cc:971] The byte size of input/output arguments (38274727936) exceeds the base limit (33924684185). This indicates an error in the calculation!
E0526 12:08:10.234395 1310737 gpu_hlo_schedule.cc:971] The byte size of input/output arguments (38274727936) exceeds the base limit (33924684185). This indicates an error in the calculation!
E0526 12:08:10.237954 1310736 gpu_hlo_schedule.cc:971] The byte size of input/output arguments (76550504448) exceeds the base limit (33924684185). This indicates an error in the calculation!
W0526 12:08:10.238363 1310736 hlo_rematerialization.cc:3233] Can't reduce memory use below 17.82GiB (19136839680 bytes) by rematerialization; only reduced to 17.83GiB (19142606864 bytes), down from 17.83GiB (19142606864 bytes) originally
E0526 12:08:10.239622 1310885 gpu_hlo_schedule.cc:971] The byte size of input/output arguments (76550504448) exceeds the base limit (33924684185). This indicates an error in the calculation!
E0526 12:08:10.239886 1310682 gpu_hlo_schedule.cc:971] The byte size of input/output arguments (76550504448) exceeds the base limit (33924684185). This indicates an error in the calculation!
E0526 12:08:10.242106 1310857 gpu_hlo_schedule.cc:971] The byte size of input/output arguments (76550504448) exceeds the base limit (33924684185). This indicates an error in the calculation!
W0526 12:08:10.242565 1310857 hlo_rematerialization.cc:3233] Can't reduce memory use below 17.82GiB (19136839680 bytes) by rematerialization; only reduced to 17.83GiB (19142606864 bytes), down from 17.83GiB (19142606864 bytes) originally
E0526 12:08:10.245663 1310892 gpu_hlo_schedule.cc:971] The byte size of input/output arguments (38274727936) exceeds the base limit (33924684185). This indicates an error in the calculation!
E0526 12:08:10.248975 1310921 gpu_hlo_schedule.cc:971] The byte size of input/output arguments (76550504448) exceeds the base limit (33924684185). This indicates an error in the calculation!
E0526 12:08:10.253549 1310707 gpu_hlo_schedule.cc:971] The byte size of input/output arguments (38274727936) exceeds the base limit (33924684185). This indicates an error in the calculation!
E0526 12:08:10.288168 1310802 gpu_hlo_schedule.cc:971] The byte size of input/output arguments (38274727936) exceeds the base limit (33924684185). This indicates an error in the calculation!
E0526 12:08:10.504267 1310850 gpu_hlo_schedule.cc:971] The byte size of input/output arguments (38274727936) exceeds the base limit (33924684185). This indicates an error in the calculation!
E0526 12:08:10.589004 1310702 gpu_hlo_schedule.cc:971] The byte size of input/output arguments (38274727936) exceeds the base limit (33924684185). This indicates an error in the calculation!
E0526 12:08:10.598238 1310784 gpu_hlo_schedule.cc:971] The byte size of input/output arguments (76550504448) exceeds the base limit (33924684185). This indicates an error in the calculation!
E0526 12:08:10.622525 1310833 gpu_hlo_schedule.cc:971] The byte size of input/output arguments (76550504448) exceeds the base limit (33924684185). This indicates an error in the calculation!
W0526 12:08:10.622928 1310833 hlo_rematerialization.cc:3233] Can't reduce memory use below 17.82GiB (19136839680 bytes) by rematerialization; only reduced to 17.83GiB (19142606864 bytes), down from 17.83GiB (19142606864 bytes) originally
E0526 12:08:10.634469 1310883 gpu_hlo_schedule.cc:971] The byte size of input/output arguments (38274727936) exceeds the base limit (33924684185). This indicates an error in the calculation!
E0526 12:08:10.634844 1310746 gpu_hlo_schedule.cc:971] The byte size of input/output arguments (76550504448) exceeds the base limit (33924684185). This indicates an error in the calculation!
E0526 12:08:10.646120 1310857 gpu_hlo_schedule.cc:971] The byte size of input/output arguments (76550504448) exceeds the base limit (33924684185). This indicates an error in the calculation!
E0526 12:08:10.714504 1310727 gpu_hlo_schedule.cc:971] The byte size of input/output arguments (38274727936) exceeds the base limit (33924684185). This indicates an error in the calculation!
W0526 12:08:10.714941 1310727 hlo_rematerialization.cc:3233] Can't reduce memory use below 17.82GiB (19136839680 bytes) by rematerialization; only reduced to 17.83GiB (19141558288 bytes), down from 17.83GiB (19141558288 bytes) originally
E0526 12:08:10.791229 1310727 gpu_hlo_schedule.cc:971] The byte size of input/output arguments (76550504448) exceeds the base limit (33924684185). This indicates an error in the calculation!
E0526 12:08:10.865091 1310890 gpu_hlo_schedule.cc:971] The byte size of input/output arguments (38274727936) exceeds the base limit (33924684185). This indicates an error in the calculation!
E0526 12:08:10.878218 1310862 gpu_hlo_schedule.cc:971] The byte size of input/output arguments (76550504448) exceeds the base limit (33924684185). This indicates an error in the calculation!
E0526 12:08:10.878657 1310786 gpu_hlo_schedule.cc:971] The byte size of input/output arguments (76550504448) exceeds the base limit (33924684185). This indicates an error in the calculation!
W0526 12:08:10.879066 1310786 hlo_rematerialization.cc:3233] Can't reduce memory use below 17.82GiB (19136839680 bytes) by rematerialization; only reduced to 17.83GiB (19142606864 bytes), down from 17.83GiB (19142606864 bytes) originally
E0526 12:08:10.879118 1310916 gpu_hlo_schedule.cc:971] The byte size of input/output arguments (38274727936) exceeds the base limit (33924684185). This indicates an error in the calculation!
E0526 12:08:10.879438 1310901 gpu_hlo_schedule.cc:971] The byte size of input/output arguments (38274727936) exceeds the base limit (33924684185). This indicates an error in the calculation!
E0526 12:08:10.889850 1310722 gpu_hlo_schedule.cc:971] The byte size of input/output arguments (76550504448) exceeds the base limit (33924684185). This indicates an error in the calculation!
E0526 12:08:10.902739 1310844 gpu_hlo_schedule.cc:971] The byte size of input/output arguments (38274727936) exceeds the base limit (33924684185). This indicates an error in the calculation!
E0526 12:08:10.902896 1310759 gpu_hlo_schedule.cc:971] The byte size of input/output arguments (38274727936) exceeds the base limit (33924684185). This indicates an error in the calculation!
W0526 12:08:10.903214 1310844 hlo_rematerialization.cc:3233] Can't reduce memory use below 17.82GiB (19136839680 bytes) by rematerialization; only reduced to 17.83GiB (19141558288 bytes), down from 17.83GiB (19141558288 bytes) originally
E0526 12:08:10.932867 1310694 gpu_hlo_schedule.cc:971] The byte size of input/output arguments (76550504448) exceeds the base limit (33924684185). This indicates an error in the calculation!
E0526 12:08:10.939405 1310844 gpu_hlo_schedule.cc:971] The byte size of input/output arguments (76550504448) exceeds the base limit (33924684185). This indicates an error in the calculation!
E0526 12:08:10.944868 1310786 gpu_hlo_schedule.cc:971] The byte size of input/output arguments (76550504448) exceeds the base limit (33924684185). This indicates an error in the calculation!
E0526 12:08:10.944890 1310688 gpu_hlo_schedule.cc:971] The byte size of input/output arguments (76550504448) exceeds the base limit (33924684185). This indicates an error in the calculation!
W0526 12:08:10.945210 1310786 hlo_rematerialization.cc:3233] Can't reduce memory use below 17.82GiB (19136839680 bytes) by rematerialization; only reduced to 17.83GiB (19142606864 bytes), down from 17.83GiB (19142606864 bytes) originally
E0526 12:08:10.982418 1310786 gpu_hlo_schedule.cc:971] The byte size of input/output arguments (76550504448) exceeds the base limit (33924684185). This indicates an error in the calculation!
E0526 12:08:11.020529 1310708 gpu_hlo_schedule.cc:971] The byte size of input/output arguments (76550504448) exceeds the base limit (33924684185). This indicates an error in the calculation!
E0526 12:08:11.020843 1310768 gpu_hlo_schedule.cc:971] The byte size of input/output arguments (76550504448) exceeds the base limit (33924684185). This indicates an error in the calculation!
E0526 12:08:11.025595 1310842 gpu_hlo_schedule.cc:971] The byte size of input/output arguments (38274727936) exceeds the base limit (33924684185). This indicates an error in the calculation!
W0526 12:08:11.026156 1310842 hlo_rematerialization.cc:3233] Can't reduce memory use below 17.82GiB (19136839680 bytes) by rematerialization; only reduced to 17.83GiB (19141558288 bytes), down from 17.83GiB (19141558288 bytes) originally
E0526 12:08:11.045704 1310733 gpu_hlo_schedule.cc:971] The byte size of input/output arguments (76550504448) exceeds the base limit (33924684185). This indicates an error in the calculation!
W0526 12:08:22.365561 1310726 bfc_allocator.cc:514] Allocator (GPU_0_bfc) ran out of memory trying to allocate 17.82GiB (rounded to 19136839680)requested by op 
If the cause is memory fragmentation maybe the environment variable 'TF_GPU_ALLOCATOR=cuda_malloc_async' will improve the situation. 
Current allocation summary follows.
Current allocation summary follows.
W0526 12:08:22.365781 1310726 bfc_allocator.cc:525] ***************************************************************_____________________________________
W0526 12:08:32.365873 1310726 bfc_allocator.cc:514] Allocator (GPU_0_bfc) ran out of memory trying to allocate 17.82GiB (rounded to 19136839680)requested by op 
If the cause is memory fragmentation maybe the environment variable 'TF_GPU_ALLOCATOR=cuda_malloc_async' will improve the situation. 
Current allocation summary follows.
Current allocation summary follows.
W0526 12:08:32.366016 1310726 bfc_allocator.cc:525] ***************************************************************_____________________________________
W0526 12:08:42.366115 1310726 bfc_allocator.cc:514] Allocator (GPU_0_bfc) ran out of memory trying to allocate 17.82GiB (rounded to 19136839680)requested by op 
If the cause is memory fragmentation maybe the environment variable 'TF_GPU_ALLOCATOR=cuda_malloc_async' will improve the situation. 
Current allocation summary follows.
Current allocation summary follows.
W0526 12:08:42.366251 1310726 bfc_allocator.cc:525] ***************************************************************_____________________________________
W0526 12:08:52.366328 1310726 bfc_allocator.cc:514] Allocator (GPU_0_bfc) ran out of memory trying to allocate 17.82GiB (rounded to 19136839680)requested by op 
If the cause is memory fragmentation maybe the environment variable 'TF_GPU_ALLOCATOR=cuda_malloc_async' will improve the situation. 
Current allocation summary follows.
Current allocation summary follows.
W0526 12:08:52.366390 1310726 bfc_allocator.cc:525] ***************************************************************_____________________________________
W0526 12:09:02.366467 1310726 bfc_allocator.cc:514] Allocator (GPU_0_bfc) ran out of memory trying to allocate 17.82GiB (rounded to 19136839680)requested by op 
If the cause is memory fragmentation maybe the environment variable 'TF_GPU_ALLOCATOR=cuda_malloc_async' will improve the situation. 
Current allocation summary follows.
Current allocation summary follows.
W0526 12:09:02.366553 1310726 bfc_allocator.cc:525] ***************************************************************_____________________________________
W0526 12:09:12.366616 1310726 bfc_allocator.cc:514] Allocator (GPU_0_bfc) ran out of memory trying to allocate 17.82GiB (rounded to 19136839680)requested by op 
If the cause is memory fragmentation maybe the environment variable 'TF_GPU_ALLOCATOR=cuda_malloc_async' will improve the situation. 
Current allocation summary follows.
Current allocation summary follows.
W0526 12:09:12.366758 1310726 bfc_allocator.cc:525] ***************************************************************_____________________________________
W0526 12:09:22.366834 1310726 bfc_allocator.cc:514] Allocator (GPU_0_bfc) ran out of memory trying to allocate 17.82GiB (rounded to 19136839680)requested by op 
If the cause is memory fragmentation maybe the environment variable 'TF_GPU_ALLOCATOR=cuda_malloc_async' will improve the situation. 
Current allocation summary follows.
Current allocation summary follows.
W0526 12:09:22.366909 1310726 bfc_allocator.cc:525] ***************************************************************_____________________________________
W0526 12:09:32.367117 1310726 bfc_allocator.cc:514] Allocator (GPU_0_bfc) ran out of memory trying to allocate 17.82GiB (rounded to 19136839680)requested by op 
If the cause is memory fragmentation maybe the environment variable 'TF_GPU_ALLOCATOR=cuda_malloc_async' will improve the situation. 
Current allocation summary follows.
Current allocation summary follows.
W0526 12:09:32.367197 1310726 bfc_allocator.cc:525] ***************************************************************_____________________________________
W0526 12:09:42.367329 1310726 bfc_allocator.cc:514] Allocator (GPU_0_bfc) ran out of memory trying to allocate 17.82GiB (rounded to 19136839680)requested by op 
If the cause is memory fragmentation maybe the environment variable 'TF_GPU_ALLOCATOR=cuda_malloc_async' will improve the situation. 
Current allocation summary follows.
Current allocation summary follows.
W0526 12:09:42.367470 1310726 bfc_allocator.cc:525] ***************************************************************_____________________________________
W0526 12:09:52.367635 1310726 bfc_allocator.cc:514] Allocator (GPU_0_bfc) ran out of memory trying to allocate 17.82GiB (rounded to 19136839680)requested by op 
If the cause is memory fragmentation maybe the environment variable 'TF_GPU_ALLOCATOR=cuda_malloc_async' will improve the situation. 
Current allocation summary follows.
Current allocation summary follows.
W0526 12:09:52.367725 1310726 bfc_allocator.cc:525] ***************************************************************_____________________________________
W0526 12:10:02.367873 1310726 bfc_allocator.cc:514] Allocator (GPU_0_bfc) ran out of memory trying to allocate 17.82GiB (rounded to 19136839680)requested by op 
If the cause is memory fragmentation maybe the environment variable 'TF_GPU_ALLOCATOR=cuda_malloc_async' will improve the situation. 
Current allocation summary follows.
Current allocation summary follows.
W0526 12:10:02.368051 1310726 bfc_allocator.cc:525] ***************************************************************_____________________________________
W0526 12:10:12.368230 1310726 bfc_allocator.cc:514] Allocator (GPU_0_bfc) ran out of memory trying to allocate 17.82GiB (rounded to 19136839680)requested by op 
If the cause is memory fragmentation maybe the environment variable 'TF_GPU_ALLOCATOR=cuda_malloc_async' will improve the situation. 
Current allocation summary follows.
Current allocation summary follows.
W0526 12:10:12.368327 1310726 bfc_allocator.cc:525] ***************************************************************_____________________________________
W0526 12:10:22.368489 1310726 bfc_allocator.cc:514] Allocator (GPU_0_bfc) ran out of memory trying to allocate 17.82GiB (rounded to 19136839680)requested by op 
If the cause is memory fragmentation maybe the environment variable 'TF_GPU_ALLOCATOR=cuda_malloc_async' will improve the situation. 
Current allocation summary follows.
Current allocation summary follows.
W0526 12:10:22.368589 1310726 bfc_allocator.cc:525] ***************************************************************_____________________________________
W0526 12:10:43.460152 1310869 bfc_allocator.cc:514] Allocator (GPU_0_bfc) ran out of memory trying to allocate 9.26GiB (rounded to 9945569280)requested by op 
If the cause is memory fragmentation maybe the environment variable 'TF_GPU_ALLOCATOR=cuda_malloc_async' will improve the situation. 
Current allocation summary follows.
Current allocation summary follows.
W0526 12:10:43.460365 1310869 bfc_allocator.cc:525] ************************************************************************************************____
W0526 12:10:53.460480 1310869 bfc_allocator.cc:514] Allocator (GPU_0_bfc) ran out of memory trying to allocate 9.26GiB (rounded to 9945569280)requested by op 
If the cause is memory fragmentation maybe the environment variable 'TF_GPU_ALLOCATOR=cuda_malloc_async' will improve the situation. 
Current allocation summary follows.
Current allocation summary follows.
W0526 12:10:53.460572 1310869 bfc_allocator.cc:525] ************************************************************************************************____
W0526 12:11:03.460654 1310869 bfc_allocator.cc:514] Allocator (GPU_0_bfc) ran out of memory trying to allocate 9.26GiB (rounded to 9945569280)requested by op 
If the cause is memory fragmentation maybe the environment variable 'TF_GPU_ALLOCATOR=cuda_malloc_async' will improve the situation. 
Current allocation summary follows.
Current allocation summary follows.
W0526 12:11:03.460790 1310869 bfc_allocator.cc:525] ************************************************************************************************____
W0526 12:11:13.460907 1310869 bfc_allocator.cc:514] Allocator (GPU_0_bfc) ran out of memory trying to allocate 9.26GiB (rounded to 9945569280)requested by op 
If the cause is memory fragmentation maybe the environment variable 'TF_GPU_ALLOCATOR=cuda_malloc_async' will improve the situation. 
Current allocation summary follows.
Current allocation summary follows.
W0526 12:11:13.461042 1310869 bfc_allocator.cc:525] ************************************************************************************************____
W0526 12:11:23.461138 1310869 bfc_allocator.cc:514] Allocator (GPU_0_bfc) ran out of memory trying to allocate 9.26GiB (rounded to 9945569280)requested by op 
If the cause is memory fragmentation maybe the environment variable 'TF_GPU_ALLOCATOR=cuda_malloc_async' will improve the situation. 
Current allocation summary follows.
Current allocation summary follows.
W0526 12:11:23.461208 1310869 bfc_allocator.cc:525] ************************************************************************************************____
W0526 12:11:33.461273 1310869 bfc_allocator.cc:514] Allocator (GPU_0_bfc) ran out of memory trying to allocate 9.26GiB (rounded to 9945569280)requested by op 
If the cause is memory fragmentation maybe the environment variable 'TF_GPU_ALLOCATOR=cuda_malloc_async' will improve the situation. 
Current allocation summary follows.
Current allocation summary follows.
W0526 12:11:33.461356 1310869 bfc_allocator.cc:525] ************************************************************************************************____
W0526 12:11:43.461457 1310869 bfc_allocator.cc:514] Allocator (GPU_0_bfc) ran out of memory trying to allocate 9.26GiB (rounded to 9945569280)requested by op 
If the cause is memory fragmentation maybe the environment variable 'TF_GPU_ALLOCATOR=cuda_malloc_async' will improve the situation. 
Current allocation summary follows.
Current allocation summary follows.
W0526 12:11:43.461602 1310869 bfc_allocator.cc:525] ************************************************************************************************____
W0526 12:11:53.461723 1310869 bfc_allocator.cc:514] Allocator (GPU_0_bfc) ran out of memory trying to allocate 9.26GiB (rounded to 9945569280)requested by op 
If the cause is memory fragmentation maybe the environment variable 'TF_GPU_ALLOCATOR=cuda_malloc_async' will improve the situation. 
Current allocation summary follows.
Current allocation summary follows.
W0526 12:11:53.461858 1310869 bfc_allocator.cc:525] ************************************************************************************************____
W0526 12:12:03.462107 1310869 bfc_allocator.cc:514] Allocator (GPU_0_bfc) ran out of memory trying to allocate 9.26GiB (rounded to 9945569280)requested by op 
If the cause is memory fragmentation maybe the environment variable 'TF_GPU_ALLOCATOR=cuda_malloc_async' will improve the situation. 
Current allocation summary follows.
Current allocation summary follows.
W0526 12:12:03.462249 1310869 bfc_allocator.cc:525] ************************************************************************************************____
W0526 12:12:13.462527 1310869 bfc_allocator.cc:514] Allocator (GPU_0_bfc) ran out of memory trying to allocate 9.26GiB (rounded to 9945569280)requested by op 
If the cause is memory fragmentation maybe the environment variable 'TF_GPU_ALLOCATOR=cuda_malloc_async' will improve the situation. 
Current allocation summary follows.
Current allocation summary follows.
W0526 12:12:13.462609 1310869 bfc_allocator.cc:525] ************************************************************************************************____
W0526 12:12:23.462753 1310869 bfc_allocator.cc:514] Allocator (GPU_0_bfc) ran out of memory trying to allocate 9.26GiB (rounded to 9945569280)requested by op 
If the cause is memory fragmentation maybe the environment variable 'TF_GPU_ALLOCATOR=cuda_malloc_async' will improve the situation. 
Current allocation summary follows.
Current allocation summary follows.
W0526 12:12:23.462832 1310869 bfc_allocator.cc:525] ************************************************************************************************____
W0526 12:12:33.462963 1310869 bfc_allocator.cc:514] Allocator (GPU_0_bfc) ran out of memory trying to allocate 9.26GiB (rounded to 9945569280)requested by op 
If the cause is memory fragmentation maybe the environment variable 'TF_GPU_ALLOCATOR=cuda_malloc_async' will improve the situation. 
Current allocation summary follows.
Current allocation summary follows.
W0526 12:12:33.463095 1310869 bfc_allocator.cc:525] ************************************************************************************************____
W0526 12:12:43.463247 1310869 bfc_allocator.cc:514] Allocator (GPU_0_bfc) ran out of memory trying to allocate 9.26GiB (rounded to 9945569280)requested by op 
If the cause is memory fragmentation maybe the environment variable 'TF_GPU_ALLOCATOR=cuda_malloc_async' will improve the situation. 
Current allocation summary follows.
Current allocation summary follows.
W0526 12:12:43.463382 1310869 bfc_allocator.cc:525] ************************************************************************************************____
W0526 12:12:53.463526 1310869 bfc_allocator.cc:514] Allocator (GPU_0_bfc) ran out of memory trying to allocate 9.26GiB (rounded to 9945569280)requested by op 
If the cause is memory fragmentation maybe the environment variable 'TF_GPU_ALLOCATOR=cuda_malloc_async' will improve the situation. 
Current allocation summary follows.
Current allocation summary follows.
W0526 12:12:53.463618 1310869 bfc_allocator.cc:525] ************************************************************************************************____
W0526 12:13:03.463731 1310869 bfc_allocator.cc:514] Allocator (GPU_0_bfc) ran out of memory trying to allocate 9.26GiB (rounded to 9945569280)requested by op 
If the cause is memory fragmentation maybe the environment variable 'TF_GPU_ALLOCATOR=cuda_malloc_async' will improve the situation. 
Current allocation summary follows.
Current allocation summary follows.
W0526 12:13:03.463867 1310869 bfc_allocator.cc:525] ************************************************************************************************____
W0526 12:13:13.464141 1310869 bfc_allocator.cc:514] Allocator (GPU_0_bfc) ran out of memory trying to allocate 9.26GiB (rounded to 9945569280)requested by op 
If the cause is memory fragmentation maybe the environment variable 'TF_GPU_ALLOCATOR=cuda_malloc_async' will improve the situation. 
Current allocation summary follows.
Current allocation summary follows.
W0526 12:13:13.464220 1310869 bfc_allocator.cc:525] ************************************************************************************************____
W0526 12:13:23.464383 1310869 bfc_allocator.cc:514] Allocator (GPU_0_bfc) ran out of memory trying to allocate 9.26GiB (rounded to 9945569280)requested by op 
If the cause is memory fragmentation maybe the environment variable 'TF_GPU_ALLOCATOR=cuda_malloc_async' will improve the situation. 
Current allocation summary follows.
Current allocation summary follows.
W0526 12:13:23.464490 1310869 bfc_allocator.cc:525] ************************************************************************************************____
W0526 12:13:33.464697 1310869 bfc_allocator.cc:514] Allocator (GPU_0_bfc) ran out of memory trying to allocate 9.26GiB (rounded to 9945569280)requested by op 
If the cause is memory fragmentation maybe the environment variable 'TF_GPU_ALLOCATOR=cuda_malloc_async' will improve the situation. 
Current allocation summary follows.
Current allocation summary follows.
W0526 12:13:33.464782 1310869 bfc_allocator.cc:525] ************************************************************************************************____
W0526 12:13:43.464901 1310869 bfc_allocator.cc:514] Allocator (GPU_0_bfc) ran out of memory trying to allocate 9.26GiB (rounded to 9945569280)requested by op 
If the cause is memory fragmentation maybe the environment variable 'TF_GPU_ALLOCATOR=cuda_malloc_async' will improve the situation. 
Current allocation summary follows.
Current allocation summary follows.
W0526 12:13:43.464990 1310869 bfc_allocator.cc:525] ************************************************************************************************____
W0526 12:13:53.465141 1310869 bfc_allocator.cc:514] Allocator (GPU_0_bfc) ran out of memory trying to allocate 9.26GiB (rounded to 9945569280)requested by op 
If the cause is memory fragmentation maybe the environment variable 'TF_GPU_ALLOCATOR=cuda_malloc_async' will improve the situation. 
Current allocation summary follows.
Current allocation summary follows.
W0526 12:13:53.465285 1310869 bfc_allocator.cc:525] ************************************************************************************************____
W0526 12:14:03.465501 1310869 bfc_allocator.cc:514] Allocator (GPU_0_bfc) ran out of memory trying to allocate 9.26GiB (rounded to 9945569280)requested by op 
If the cause is memory fragmentation maybe the environment variable 'TF_GPU_ALLOCATOR=cuda_malloc_async' will improve the situation. 
Current allocation summary follows.
Current allocation summary follows.
W0526 12:14:03.465639 1310869 bfc_allocator.cc:525] ************************************************************************************************____
W0526 12:14:13.465892 1310869 bfc_allocator.cc:514] Allocator (GPU_0_bfc) ran out of memory trying to allocate 9.26GiB (rounded to 9945569280)requested by op 
If the cause is memory fragmentation maybe the environment variable 'TF_GPU_ALLOCATOR=cuda_malloc_async' will improve the situation. 
Current allocation summary follows.
Current allocation summary follows.
W0526 12:14:13.465987 1310869 bfc_allocator.cc:525] ************************************************************************************************____
W0526 12:14:23.466101 1310869 bfc_allocator.cc:514] Allocator (GPU_0_bfc) ran out of memory trying to allocate 9.26GiB (rounded to 9945569280)requested by op 
If the cause is memory fragmentation maybe the environment variable 'TF_GPU_ALLOCATOR=cuda_malloc_async' will improve the situation. 
Current allocation summary follows.
Current allocation summary follows.
W0526 12:14:23.466232 1310869 bfc_allocator.cc:525] ************************************************************************************************____
W0526 12:14:33.466374 1310869 bfc_allocator.cc:514] Allocator (GPU_0_bfc) ran out of memory trying to allocate 9.26GiB (rounded to 9945569280)requested by op 
If the cause is memory fragmentation maybe the environment variable 'TF_GPU_ALLOCATOR=cuda_malloc_async' will improve the situation. 
Current allocation summary follows.
Current allocation summary follows.
W0526 12:14:33.466449 1310869 bfc_allocator.cc:525] ************************************************************************************************____
W0526 12:14:43.466550 1310869 bfc_allocator.cc:514] Allocator (GPU_0_bfc) ran out of memory trying to allocate 9.26GiB (rounded to 9945569280)requested by op 
If the cause is memory fragmentation maybe the environment variable 'TF_GPU_ALLOCATOR=cuda_malloc_async' will improve the situation. 
Current allocation summary follows.
Current allocation summary follows.
W0526 12:14:43.466633 1310869 bfc_allocator.cc:525] ************************************************************************************************____
W0526 12:14:53.466761 1310869 bfc_allocator.cc:514] Allocator (GPU_0_bfc) ran out of memory trying to allocate 9.26GiB (rounded to 9945569280)requested by op 
If the cause is memory fragmentation maybe the environment variable 'TF_GPU_ALLOCATOR=cuda_malloc_async' will improve the situation. 
Current allocation summary follows.
Current allocation summary follows.
W0526 12:14:53.466863 1310869 bfc_allocator.cc:525] ************************************************************************************************____
W0526 12:15:03.467064 1310869 bfc_allocator.cc:514] Allocator (GPU_0_bfc) ran out of memory trying to allocate 9.26GiB (rounded to 9945569280)requested by op 
If the cause is memory fragmentation maybe the environment variable 'TF_GPU_ALLOCATOR=cuda_malloc_async' will improve the situation. 
Current allocation summary follows.
Current allocation summary follows.
W0526 12:15:03.467211 1310869 bfc_allocator.cc:525] ************************************************************************************************____
E0526 12:15:03.469348 1309945 autotuner.cc:494] Could not get config for HLO: %gemm_fusion_dot.96 = bf16[9712470,512]{1,0} fusion(%bitcast.484, %linear_0____w__.46), kind=kCustom, calls=
(parameter_0.10: bf16[9712470,1536], parameter_1.10: f32[1536,512]) -> bf16[9712470,512] {
  %parameter_1.10 = f32[1536,512]{1,0} parameter(1)
  %convert_element_type.1953 = bf16[1536,512]{1,0} convert(%parameter_1.10), metadata={op_name="jit(apply_fn)/while/body/closed_call/grid2mesh_gnn/_process/grid2mesh_gnn/_process_step/grid2mesh_gnn/sequential_3/processor_edges_0_grid2mesh_mlp/linear_0/convert_element_type" stack_frame_id=339}
  %parameter_0.10 = bf16[9712470,1536]{1,0} parameter(0)
  %dot.268 = bf16[512,9712470]{0,1} dot(%convert_element_type.1953, %parameter_0.10), lhs_contracting_dims={0}, rhs_contracting_dims={1}, metadata={op_name="jit(apply_fn)/while/body/closed_call/grid2mesh_gnn/_process/grid2mesh_gnn/_process_step/grid2mesh_gnn/sequential_3/processor_edges_0_grid2mesh_mlp/linear_0/dot_general" stack_frame_id=338}
  ROOT %bitcast.570 = bf16[9712470,512]{1,0} bitcast(%dot.268), metadata={op_name="jit(apply_fn)/while/body/closed_call/grid2mesh_gnn/_process/grid2mesh_gnn/_process_step/grid2mesh_gnn/sequential_3/processor_edges_0_grid2mesh_mlp/linear_0/dot_general" stack_frame_id=338}
}, metadata={op_name="jit(apply_fn)/while/body/closed_call/grid2mesh_gnn/_process/grid2mesh_gnn/_process_step/grid2mesh_gnn/sequential_3/processor_edges_0_grid2mesh_mlp/linear_0/dot_general" stack_frame_id=338}, backend_config={"operation_queue_id":"0","fusion_backend_config":{"kind":"__triton_gemm"},"force_earliest_schedule":false,"reification_cost":[],"device_type":"DEVICE_TYPE_INVALID"}. Status: INTERNAL: Autotuning failed for HLO: %gemm_fusion_dot.96 = bf16[9712470,512]{1,0} fusion(%bitcast.484, %linear_0____w__.46), kind=kCustom, calls=%gemm_fusion_dot.96_computation, metadata={op_name="jit(apply_fn)/while/body/closed_call/grid2mesh_gnn/_process/grid2mesh_gnn/_process_step/grid2mesh_gnn/sequential_3/processor_edges_0_grid2mesh_mlp/linear_0/dot_general" stack_frame_id=338}, backend_config={"operation_queue_id":"0","fusion_backend_config":{"kind":"__triton_gemm"},"force_earliest_schedule":false,"reification_cost":[],"device_type":"DEVICE_TYPE_INVALID"}. Failed to pick best config: All configs failed during profiling.
Failures (29):
COMPILATION FAILED: RESOURCE_EXHAUSTED: Discarding compilation due to register spilling.
COMPILATION FAILED: RESOURCE_EXHAUSTED: Compilation failed: Shared memory size limit exceeded: requested 196608, available: 166912, context: [Fusion: gemm_fusion_dot.96 = bf16[9712470,512]{1,0} fusion(bitcast.484, linear_0____w__.46), kind=kCustom, calls=gemm_fusion_dot.96_computation.clone, backend_config={"operation_queue_id":"0","fusion_backend_config":{"kind":"__triton_nested_gemm_fusion","block_level_fusion_config":{"num_warps":"8","output_tiles":[{"sizes":["256","128"]}],"num_ctas":1,"num_stages":4,"is_tma_allowed":false,"is_warp_specialization_allowed":false,"waves_per_eu":0}},"force_earliest_schedule":false,"reification_cost":[],"device_type":"DEVICE_TYPE_INVALID"}Computation: gemm_fusion_dot.96_computation.clone {
  parameter_1.10 = f32[1536,512]{1,0} parameter(1)
  convert_element_type.1953 = bf16[1536,512]{1,0} convert(parameter_1.10)
  parameter_0.10 = bf16[9712470,1536]{1,0} parameter(0)
  dot.268 = bf16[512,9712470]{0,1} dot(convert_element_type.1953, parameter_0.10), lhs_contracting_dims={0}, rhs_contracting_dims={1}, backend_config={"sizes":["64"]}
  ROOT bitcast.570 = bf16[9712470,512]{1,0} bitcast(dot.268)
}]
EXECUTION FAILED: RESOURCE_EXHAUSTED: Out of memory while trying to allocate 9.26GiB. [tf-allocator-allocation-error='']
EXECUTION FAILED: RESOURCE_EXHAUSTED: Out of memory while trying to allocate 9.26GiB. [tf-allocator-allocation-error='']
EXECUTION FAILED: RESOURCE_EXHAUSTED: Out of memory while trying to allocate 9.26GiB. [tf-allocator-allocation-error='']
EXECUTION FAILED: RESOURCE_EXHAUSTED: Out of memory while trying to allocate 9.26GiB. [tf-allocator-allocation-error='']
EXECUTION FAILED: RESOURCE_EXHAUSTED: Out of memory while trying to allocate 9.26GiB. [tf-allocator-allocation-error='']
EXECUTION FAILED: RESOURCE_EXHAUSTED: Out of memory while trying to allocate 9.26GiB. [tf-allocator-allocation-error='']
EXECUTION FAILED: RESOURCE_EXHAUSTED: Out of memory while trying to allocate 9.26GiB. [tf-allocator-allocation-error='']
EXECUTION FAILED: RESOURCE_EXHAUSTED: Out of memory while trying to allocate 9.26GiB. [tf-allocator-allocation-error='']
EXECUTION FAILED: RESOURCE_EXHAUSTED: Out of memory while trying to allocate 9.26GiB. [tf-allocator-allocation-error='']
EXECUTION FAILED: RESOURCE_EXHAUSTED: Out of memory while trying to allocate 9.26GiB. [tf-allocator-allocation-error='']
EXECUTION FAILED: RESOURCE_EXHAUSTED: Out of memory while trying to allocate 9.26GiB. [tf-allocator-allocation-error='']
EXECUTION FAILED: RESOURCE_EXHAUSTED: Out of memory while trying to allocate 9.26GiB. [tf-allocator-allocation-error='']
EXECUTION FAILED: RESOURCE_EXHAUSTED: Out of memory while trying to allocate 9.26GiB. [tf-allocator-allocation-error='']
EXECUTION FAILED: RESOURCE_EXHAUSTED: Out of memory while trying to allocate 9.26GiB. [tf-allocator-allocation-error='']
EXECUTION FAILED: RESOURCE_EXHAUSTED: Out of memory while trying to allocate 9.26GiB. [tf-allocator-allocation-error='']
EXECUTION FAILED: RESOURCE_EXHAUSTED: Out of memory while trying to allocate 9.26GiB. [tf-allocator-allocation-error='']
EXECUTION FAILED: RESOURCE_EXHAUSTED: Out of memory while trying to allocate 9.26GiB. [tf-allocator-allocation-error='']
EXECUTION FAILED: RESOURCE_EXHAUSTED: Out of memory while trying to allocate 9.26GiB. [tf-allocator-allocation-error='']
EXECUTION FAILED: RESOURCE_EXHAUSTED: Out of memory while trying to allocate 9.26GiB. [tf-allocator-allocation-error='']
EXECUTION FAILED: RESOURCE_EXHAUSTED: Out of memory while trying to allocate 9.26GiB. [tf-allocator-allocation-error='']
EXECUTION FAILED: RESOURCE_EXHAUSTED: Out of memory while trying to allocate 9.26GiB. [tf-allocator-allocation-error='']
EXECUTION FAILED: RESOURCE_EXHAUSTED: Out of memory while trying to allocate 9.26GiB. [tf-allocator-allocation-error='']
EXECUTION FAILED: RESOURCE_EXHAUSTED: Out of memory while trying to allocate 9.26GiB. [tf-allocator-allocation-error='']
EXECUTION FAILED: RESOURCE_EXHAUSTED: Out of memory while trying to allocate 9.26GiB. [tf-allocator-allocation-error='']
EXECUTION FAILED: RESOURCE_EXHAUSTED: Out of memory while trying to allocate 9.26GiB. [tf-allocator-allocation-error='']
EXECUTION FAILED: RESOURCE_EXHAUSTED: Out of memory while trying to allocate 9.26GiB. [tf-allocator-allocation-error='']
EXECUTION FAILED: RESOURCE_EXHAUSTED: Out of memory while trying to allocate 9.26GiB. [tf-allocator-allocation-error='']
W0526 12:15:10.748402 1310694 bfc_allocator.cc:317] Allocator (GPU_0_bfc) ran out of memory trying to allocate 53.48GiB with freed_by_count=0. The caller indicates that this is not a failure, but this may mean that there could be performance gains if more memory were available.
W0526 12:15:20.749101 1310901 bfc_allocator.cc:514] Allocator (GPU_0_bfc) ran out of memory trying to allocate 17.82GiB (rounded to 19136839680)requested by op 
If the cause is memory fragmentation maybe the environment variable 'TF_GPU_ALLOCATOR=cuda_malloc_async' will improve the situation. 
Current allocation summary follows.
Current allocation summary follows.
W0526 12:15:20.749688 1310901 bfc_allocator.cc:525] **************************************************************______________________________________
W0526 12:15:30.749779 1310901 bfc_allocator.cc:514] Allocator (GPU_0_bfc) ran out of memory trying to allocate 17.82GiB (rounded to 19136839680)requested by op 
If the cause is memory fragmentation maybe the environment variable 'TF_GPU_ALLOCATOR=cuda_malloc_async' will improve the situation. 
Current allocation summary follows.
Current allocation summary follows.
W0526 12:15:30.749861 1310901 bfc_allocator.cc:525] **************************************************************______________________________________
W0526 12:15:40.749934 1310901 bfc_allocator.cc:514] Allocator (GPU_0_bfc) ran out of memory trying to allocate 17.82GiB (rounded to 19136839680)requested by op 
If the cause is memory fragmentation maybe the environment variable 'TF_GPU_ALLOCATOR=cuda_malloc_async' will improve the situation. 
Current allocation summary follows.
Current allocation summary follows.
W0526 12:15:40.750003 1310901 bfc_allocator.cc:525] **************************************************************______________________________________
W0526 12:15:50.750089 1310901 bfc_allocator.cc:514] Allocator (GPU_0_bfc) ran out of memory trying to allocate 17.82GiB (rounded to 19136839680)requested by op 
If the cause is memory fragmentation maybe the environment variable 'TF_GPU_ALLOCATOR=cuda_malloc_async' will improve the situation. 
Current allocation summary follows.
Current allocation summary follows.
W0526 12:15:50.750217 1310901 bfc_allocator.cc:525] **************************************************************______________________________________
W0526 12:16:00.750344 1310901 bfc_allocator.cc:514] Allocator (GPU_0_bfc) ran out of memory trying to allocate 17.82GiB (rounded to 19136839680)requested by op 
If the cause is memory fragmentation maybe the environment variable 'TF_GPU_ALLOCATOR=cuda_malloc_async' will improve the situation. 
Current allocation summary follows.
Current allocation summary follows.
W0526 12:16:00.750426 1310901 bfc_allocator.cc:525] **************************************************************______________________________________
W0526 12:16:10.750504 1310901 bfc_allocator.cc:514] Allocator (GPU_0_bfc) ran out of memory trying to allocate 17.82GiB (rounded to 19136839680)requested by op 
If the cause is memory fragmentation maybe the environment variable 'TF_GPU_ALLOCATOR=cuda_malloc_async' will improve the situation. 
Current allocation summary follows.
Current allocation summary follows.
W0526 12:16:10.750586 1310901 bfc_allocator.cc:525] **************************************************************______________________________________
W0526 12:16:20.750664 1310901 bfc_allocator.cc:514] Allocator (GPU_0_bfc) ran out of memory trying to allocate 17.82GiB (rounded to 19136839680)requested by op 
If the cause is memory fragmentation maybe the environment variable 'TF_GPU_ALLOCATOR=cuda_malloc_async' will improve the situation. 
Current allocation summary follows.
Current allocation summary follows.
W0526 12:16:20.750772 1310901 bfc_allocator.cc:525] **************************************************************______________________________________
W0526 12:16:30.750862 1310901 bfc_allocator.cc:514] Allocator (GPU_0_bfc) ran out of memory trying to allocate 17.82GiB (rounded to 19136839680)requested by op 
If the cause is memory fragmentation maybe the environment variable 'TF_GPU_ALLOCATOR=cuda_malloc_async' will improve the situation. 
Current allocation summary follows.
Current allocation summary follows.
W0526 12:16:30.750932 1310901 bfc_allocator.cc:525] **************************************************************______________________________________
W0526 12:16:40.751111 1310901 bfc_allocator.cc:514] Allocator (GPU_0_bfc) ran out of memory trying to allocate 17.82GiB (rounded to 19136839680)requested by op 
If the cause is memory fragmentation maybe the environment variable 'TF_GPU_ALLOCATOR=cuda_malloc_async' will improve the situation. 
Current allocation summary follows.
Current allocation summary follows.
W0526 12:16:40.751195 1310901 bfc_allocator.cc:525] **************************************************************______________________________________
W0526 12:16:50.751339 1310901 bfc_allocator.cc:514] Allocator (GPU_0_bfc) ran out of memory trying to allocate 17.82GiB (rounded to 19136839680)requested by op 
If the cause is memory fragmentation maybe the environment variable 'TF_GPU_ALLOCATOR=cuda_malloc_async' will improve the situation. 
Current allocation summary follows.
Current allocation summary follows.
W0526 12:16:50.751465 1310901 bfc_allocator.cc:525] **************************************************************______________________________________
W0526 12:17:00.751623 1310901 bfc_allocator.cc:514] Allocator (GPU_0_bfc) ran out of memory trying to allocate 17.82GiB (rounded to 19136839680)requested by op 
If the cause is memory fragmentation maybe the environment variable 'TF_GPU_ALLOCATOR=cuda_malloc_async' will improve the situation. 
Current allocation summary follows.
Current allocation summary follows.
W0526 12:17:00.751758 1310901 bfc_allocator.cc:525] **************************************************************______________________________________
W0526 12:17:10.751866 1310901 bfc_allocator.cc:514] Allocator (GPU_0_bfc) ran out of memory trying to allocate 17.82GiB (rounded to 19136839680)requested by op 
If the cause is memory fragmentation maybe the environment variable 'TF_GPU_ALLOCATOR=cuda_malloc_async' will improve the situation. 
Current allocation summary follows.
Current allocation summary follows.
W0526 12:17:10.751944 1310901 bfc_allocator.cc:525] **************************************************************______________________________________
W0526 12:17:20.752107 1310901 bfc_allocator.cc:514] Allocator (GPU_0_bfc) ran out of memory trying to allocate 17.82GiB (rounded to 19136839680)requested by op 
If the cause is memory fragmentation maybe the environment variable 'TF_GPU_ALLOCATOR=cuda_malloc_async' will improve the situation. 
Current allocation summary follows.
Current allocation summary follows.
W0526 12:17:20.752233 1310901 bfc_allocator.cc:525] **************************************************************______________________________________
W0526 12:17:30.752399 1310901 bfc_allocator.cc:514] Allocator (GPU_0_bfc) ran out of memory trying to allocate 17.82GiB (rounded to 19136839680)requested by op 
If the cause is memory fragmentation maybe the environment variable 'TF_GPU_ALLOCATOR=cuda_malloc_async' will improve the situation. 
Current allocation summary follows.
Current allocation summary follows.
W0526 12:17:30.752480 1310901 bfc_allocator.cc:525] **************************************************************______________________________________
W0526 12:17:40.752612 1310901 bfc_allocator.cc:514] Allocator (GPU_0_bfc) ran out of memory trying to allocate 17.82GiB (rounded to 19136839680)requested by op 
If the cause is memory fragmentation maybe the environment variable 'TF_GPU_ALLOCATOR=cuda_malloc_async' will improve the situation. 
Current allocation summary follows.
Current allocation summary follows.
W0526 12:17:40.752690 1310901 bfc_allocator.cc:525] **************************************************************______________________________________
W0526 12:17:50.752829 1310901 bfc_allocator.cc:514] Allocator (GPU_0_bfc) ran out of memory trying to allocate 17.82GiB (rounded to 19136839680)requested by op 
If the cause is memory fragmentation maybe the environment variable 'TF_GPU_ALLOCATOR=cuda_malloc_async' will improve the situation. 
Current allocation summary follows.
Current allocation summary follows.
W0526 12:17:50.752960 1310901 bfc_allocator.cc:525] **************************************************************______________________________________
W0526 12:18:00.753117 1310901 bfc_allocator.cc:514] Allocator (GPU_0_bfc) ran out of memory trying to allocate 17.82GiB (rounded to 19136839680)requested by op 
If the cause is memory fragmentation maybe the environment variable 'TF_GPU_ALLOCATOR=cuda_malloc_async' will improve the situation. 
Current allocation summary follows.
Current allocation summary follows.
W0526 12:18:00.753196 1310901 bfc_allocator.cc:525] **************************************************************______________________________________
W0526 12:18:10.753326 1310901 bfc_allocator.cc:514] Allocator (GPU_0_bfc) ran out of memory trying to allocate 17.82GiB (rounded to 19136839680)requested by op 
If the cause is memory fragmentation maybe the environment variable 'TF_GPU_ALLOCATOR=cuda_malloc_async' will improve the situation. 
Current allocation summary follows.
Current allocation summary follows.
W0526 12:18:10.753463 1310901 bfc_allocator.cc:525] **************************************************************______________________________________
W0526 12:18:20.753625 1310901 bfc_allocator.cc:514] Allocator (GPU_0_bfc) ran out of memory trying to allocate 17.82GiB (rounded to 19136839680)requested by op 
If the cause is memory fragmentation maybe the environment variable 'TF_GPU_ALLOCATOR=cuda_malloc_async' will improve the situation. 
Current allocation summary follows.
Current allocation summary follows.
W0526 12:18:20.753699 1310901 bfc_allocator.cc:525] **************************************************************______________________________________
W0526 12:18:30.753781 1310901 bfc_allocator.cc:514] Allocator (GPU_0_bfc) ran out of memory trying to allocate 17.82GiB (rounded to 19136839680)requested by op 
If the cause is memory fragmentation maybe the environment variable 'TF_GPU_ALLOCATOR=cuda_malloc_async' will improve the situation. 
Current allocation summary follows.
Current allocation summary follows.
W0526 12:18:30.753912 1310901 bfc_allocator.cc:525] **************************************************************______________________________________
W0526 12:18:40.754099 1310901 bfc_allocator.cc:514] Allocator (GPU_0_bfc) ran out of memory trying to allocate 17.82GiB (rounded to 19136839680)requested by op 
If the cause is memory fragmentation maybe the environment variable 'TF_GPU_ALLOCATOR=cuda_malloc_async' will improve the situation. 
Current allocation summary follows.
Current allocation summary follows.
W0526 12:18:40.754178 1310901 bfc_allocator.cc:525] **************************************************************______________________________________
W0526 12:18:50.754326 1310901 bfc_allocator.cc:514] Allocator (GPU_0_bfc) ran out of memory trying to allocate 17.82GiB (rounded to 19136839680)requested by op 
If the cause is memory fragmentation maybe the environment variable 'TF_GPU_ALLOCATOR=cuda_malloc_async' will improve the situation. 
Current allocation summary follows.
Current allocation summary follows.
W0526 12:18:50.754466 1310901 bfc_allocator.cc:525] **************************************************************______________________________________
W0526 12:19:00.754616 1310901 bfc_allocator.cc:514] Allocator (GPU_0_bfc) ran out of memory trying to allocate 17.82GiB (rounded to 19136839680)requested by op 
If the cause is memory fragmentation maybe the environment variable 'TF_GPU_ALLOCATOR=cuda_malloc_async' will improve the situation. 
Current allocation summary follows.
Current allocation summary follows.
W0526 12:19:00.754688 1310901 bfc_allocator.cc:525] **************************************************************______________________________________
W0526 12:19:10.754808 1310901 bfc_allocator.cc:514] Allocator (GPU_0_bfc) ran out of memory trying to allocate 17.82GiB (rounded to 19136839680)requested by op 
If the cause is memory fragmentation maybe the environment variable 'TF_GPU_ALLOCATOR=cuda_malloc_async' will improve the situation. 
Current allocation summary follows.
Current allocation summary follows.
W0526 12:19:10.754885 1310901 bfc_allocator.cc:525] **************************************************************______________________________________
W0526 12:19:20.755026 1310901 bfc_allocator.cc:514] Allocator (GPU_0_bfc) ran out of memory trying to allocate 17.82GiB (rounded to 19136839680)requested by op 
If the cause is memory fragmentation maybe the environment variable 'TF_GPU_ALLOCATOR=cuda_malloc_async' will improve the situation. 
Current allocation summary follows.
Current allocation summary follows.
W0526 12:19:20.755159 1310901 bfc_allocator.cc:525] **************************************************************______________________________________
W0526 12:19:30.755315 1310901 bfc_allocator.cc:514] Allocator (GPU_0_bfc) ran out of memory trying to allocate 17.82GiB (rounded to 19136839680)requested by op 
If the cause is memory fragmentation maybe the environment variable 'TF_GPU_ALLOCATOR=cuda_malloc_async' will improve the situation. 
Current allocation summary follows.
Current allocation summary follows.
W0526 12:19:30.755390 1310901 bfc_allocator.cc:525] **************************************************************______________________________________
W0526 12:19:40.755556 1310901 bfc_allocator.cc:514] Allocator (GPU_0_bfc) ran out of memory trying to allocate 17.82GiB (rounded to 19136839680)requested by op 
If the cause is memory fragmentation maybe the environment variable 'TF_GPU_ALLOCATOR=cuda_malloc_async' will improve the situation. 
Current allocation summary follows.
Current allocation summary follows.
W0526 12:19:40.755693 1310901 bfc_allocator.cc:525] **************************************************************______________________________________
E0526 12:19:40.758067 1309945 autotuner.cc:494] Could not get config for HLO: %gemm_fusion_dot.91 = bf16[18688320,512]{1,0} fusion(%bitcast.479, %linear_1____w__.50), kind=kCustom, calls=
(parameter_0.5: bf16[18688320,512], parameter_1.5: f32[512,512]) -> bf16[18688320,512] {
  %parameter_1.5 = f32[512,512]{1,0} parameter(1)
  %convert_element_type.1948 = bf16[512,512]{1,0} convert(%parameter_1.5), metadata={op_name="jit(apply_fn)/while/body/closed_call/mesh2grid_gnn/_embed/mesh2grid_gnn/sequential/encoder_edges_mesh2grid_mlp/linear_1/convert_element_type" stack_frame_id=326}
  %parameter_0.5 = bf16[18688320,512]{1,0} parameter(0)
  %dot.263 = bf16[512,18688320]{0,1} dot(%convert_element_type.1948, %parameter_0.5), lhs_contracting_dims={0}, rhs_contracting_dims={1}, metadata={op_name="jit(apply_fn)/while/body/closed_call/mesh2grid_gnn/_embed/mesh2grid_gnn/sequential/encoder_edges_mesh2grid_mlp/linear_1/dot_general" stack_frame_id=325}
  ROOT %bitcast.565 = bf16[18688320,512]{1,0} bitcast(%dot.263), metadata={op_name="jit(apply_fn)/while/body/closed_call/mesh2grid_gnn/_embed/mesh2grid_gnn/sequential/encoder_edges_mesh2grid_mlp/linear_1/dot_general" stack_frame_id=325}
}, metadata={op_name="jit(apply_fn)/while/body/closed_call/mesh2grid_gnn/_embed/mesh2grid_gnn/sequential/encoder_edges_mesh2grid_mlp/linear_1/dot_general" stack_frame_id=325}, backend_config={"operation_queue_id":"0","fusion_backend_config":{"kind":"__triton_gemm"},"force_earliest_schedule":false,"reification_cost":[],"device_type":"DEVICE_TYPE_INVALID"}. Status: INTERNAL: Autotuning failed for HLO: %gemm_fusion_dot.91 = bf16[18688320,512]{1,0} fusion(%bitcast.479, %linear_1____w__.50), kind=kCustom, calls=%gemm_fusion_dot.91_computation, metadata={op_name="jit(apply_fn)/while/body/closed_call/mesh2grid_gnn/_embed/mesh2grid_gnn/sequential/encoder_edges_mesh2grid_mlp/linear_1/dot_general" stack_frame_id=325}, backend_config={"operation_queue_id":"0","fusion_backend_config":{"kind":"__triton_gemm"},"force_earliest_schedule":false,"reification_cost":[],"device_type":"DEVICE_TYPE_INVALID"}. Failed to pick best config: All configs failed during profiling.
Failures (29):
COMPILATION FAILED: RESOURCE_EXHAUSTED: Discarding compilation due to register spilling.
COMPILATION FAILED: RESOURCE_EXHAUSTED: Compilation failed: Shared memory size limit exceeded: requested 196608, available: 166912, context: [Fusion: gemm_fusion_dot.91 = bf16[18688320,512]{1,0} fusion(bitcast.479, linear_1____w__.50), kind=kCustom, calls=gemm_fusion_dot.91_computation.clone, backend_config={"operation_queue_id":"0","fusion_backend_config":{"kind":"__triton_nested_gemm_fusion","block_level_fusion_config":{"num_warps":"8","output_tiles":[{"sizes":["256","128"]}],"num_ctas":1,"num_stages":4,"is_tma_allowed":false,"is_warp_specialization_allowed":false,"waves_per_eu":0}},"force_earliest_schedule":false,"reification_cost":[],"device_type":"DEVICE_TYPE_INVALID"}Computation: gemm_fusion_dot.91_computation.clone {
  parameter_1.5 = f32[512,512]{1,0} parameter(1)
  convert_element_type.1948 = bf16[512,512]{1,0} convert(parameter_1.5)
  parameter_0.5 = bf16[18688320,512]{1,0} parameter(0)
  dot.263 = bf16[512,18688320]{0,1} dot(convert_element_type.1948, parameter_0.5), lhs_contracting_dims={0}, rhs_contracting_dims={1}, backend_config={"sizes":["64"]}
  ROOT bitcast.565 = bf16[18688320,512]{1,0} bitcast(dot.263)
}]
EXECUTION FAILED: RESOURCE_EXHAUSTED: Out of memory while trying to allocate 17.82GiB. [tf-allocator-allocation-error='']
EXECUTION FAILED: RESOURCE_EXHAUSTED: Out of memory while trying to allocate 17.82GiB. [tf-allocator-allocation-error='']
EXECUTION FAILED: RESOURCE_EXHAUSTED: Out of memory while trying to allocate 17.82GiB. [tf-allocator-allocation-error='']
EXECUTION FAILED: RESOURCE_EXHAUSTED: Out of memory while trying to allocate 17.82GiB. [tf-allocator-allocation-error='']
EXECUTION FAILED: RESOURCE_EXHAUSTED: Out of memory while trying to allocate 17.82GiB. [tf-allocator-allocation-error='']
EXECUTION FAILED: RESOURCE_EXHAUSTED: Out of memory while trying to allocate 17.82GiB. [tf-allocator-allocation-error='']
EXECUTION FAILED: RESOURCE_EXHAUSTED: Out of memory while trying to allocate 17.82GiB. [tf-allocator-allocation-error='']
EXECUTION FAILED: RESOURCE_EXHAUSTED: Out of memory while trying to allocate 17.82GiB. [tf-allocator-allocation-error='']
EXECUTION FAILED: RESOURCE_EXHAUSTED: Out of memory while trying to allocate 17.82GiB. [tf-allocator-allocation-error='']
EXECUTION FAILED: RESOURCE_EXHAUSTED: Out of memory while trying to allocate 17.82GiB. [tf-allocator-allocation-error='']
EXECUTION FAILED: RESOURCE_EXHAUSTED: Out of memory while trying to allocate 17.82GiB. [tf-allocator-allocation-error='']
EXECUTION FAILED: RESOURCE_EXHAUSTED: Out of memory while trying to allocate 17.82GiB. [tf-allocator-allocation-error='']
EXECUTION FAILED: RESOURCE_EXHAUSTED: Out of memory while trying to allocate 17.82GiB. [tf-allocator-allocation-error='']
EXECUTION FAILED: RESOURCE_EXHAUSTED: Out of memory while trying to allocate 17.82GiB. [tf-allocator-allocation-error='']
EXECUTION FAILED: RESOURCE_EXHAUSTED: Out of memory while trying to allocate 17.82GiB. [tf-allocator-allocation-error='']
EXECUTION FAILED: RESOURCE_EXHAUSTED: Out of memory while trying to allocate 17.82GiB. [tf-allocator-allocation-error='']
EXECUTION FAILED: RESOURCE_EXHAUSTED: Out of memory while trying to allocate 17.82GiB. [tf-allocator-allocation-error='']
EXECUTION FAILED: RESOURCE_EXHAUSTED: Out of memory while trying to allocate 17.82GiB. [tf-allocator-allocation-error='']
EXECUTION FAILED: RESOURCE_EXHAUSTED: Out of memory while trying to allocate 17.82GiB. [tf-allocator-allocation-error='']
EXECUTION FAILED: RESOURCE_EXHAUSTED: Out of memory while trying to allocate 17.82GiB. [tf-allocator-allocation-error='']
EXECUTION FAILED: RESOURCE_EXHAUSTED: Out of memory while trying to allocate 17.82GiB. [tf-allocator-allocation-error='']
EXECUTION FAILED: RESOURCE_EXHAUSTED: Out of memory while trying to allocate 17.82GiB. [tf-allocator-allocation-error='']
EXECUTION FAILED: RESOURCE_EXHAUSTED: Out of memory while trying to allocate 17.82GiB. [tf-allocator-allocation-error='']
EXECUTION FAILED: RESOURCE_EXHAUSTED: Out of memory while trying to allocate 17.82GiB. [tf-allocator-allocation-error='']
EXECUTION FAILED: RESOURCE_EXHAUSTED: Out of memory while trying to allocate 17.82GiB. [tf-allocator-allocation-error='']
EXECUTION FAILED: RESOURCE_EXHAUSTED: Out of memory while trying to allocate 17.82GiB. [tf-allocator-allocation-error='']
EXECUTION FAILED: RESOURCE_EXHAUSTED: Out of memory while trying to allocate 17.82GiB. [tf-allocator-allocation-error='']
E0526 12:19:40.758454 1309945 autotuner.cc:494] Could not get config for HLO: %gemm_fusion_dot.166 = bf16[18688320,512]{1,0} fusion(%bitcast.554, %linear_0____w__.51), kind=kCustom, calls=
(parameter_0.80: bf16[18688320,1536], parameter_1.80: f32[1536,512]) -> bf16[18688320,512] {
  %parameter_1.80 = f32[1536,512]{1,0} parameter(1)
  %convert_element_type.2023 = bf16[1536,512]{1,0} convert(%parameter_1.80), metadata={op_name="jit(apply_fn)/while/body/closed_call/mesh2grid_gnn/_process/mesh2grid_gnn/_process_step/mesh2grid_gnn/sequential_1/processor_edges_0_mesh2grid_mlp/linear_0/convert_element_type" stack_frame_id=322}
  %parameter_0.80 = bf16[18688320,1536]{1,0} parameter(0)
  %dot.338 = bf16[512,18688320]{0,1} dot(%convert_element_type.2023, %parameter_0.80), lhs_contracting_dims={0}, rhs_contracting_dims={1}, metadata={op_name="jit(apply_fn)/while/body/closed_call/mesh2grid_gnn/_process/mesh2grid_gnn/_process_step/mesh2grid_gnn/sequential_1/processor_edges_0_mesh2grid_mlp/linear_0/dot_general" stack_frame_id=321}
  ROOT %bitcast.640 = bf16[18688320,512]{1,0} bitcast(%dot.338), metadata={op_name="jit(apply_fn)/while/body/closed_call/mesh2grid_gnn/_process/mesh2grid_gnn/_process_step/mesh2grid_gnn/sequential_1/processor_edges_0_mesh2grid_mlp/linear_0/dot_general" stack_frame_id=321}
}, metadata={op_name="jit(apply_fn)/while/body/closed_call/mesh2grid_gnn/_process/mesh2grid_gnn/_process_step/mesh2grid_gnn/sequential_1/processor_edges_0_mesh2grid_mlp/linear_0/dot_general" stack_frame_id=321}, backend_config={"operation_queue_id":"0","fusion_backend_config":{"kind":"__triton_gemm"},"force_earliest_schedule":false,"reification_cost":[],"device_type":"DEVICE_TYPE_INVALID"}. Status: RESOURCE_EXHAUSTED: Autotuning failed for HLO: %gemm_fusion_dot.166 = bf16[18688320,512]{1,0} fusion(%bitcast.554, %linear_0____w__.51), kind=kCustom, calls=%gemm_fusion_dot.166_computation, metadata={op_name="jit(apply_fn)/while/body/closed_call/mesh2grid_gnn/_process/mesh2grid_gnn/_process_step/mesh2grid_gnn/sequential_1/processor_edges_0_mesh2grid_mlp/linear_0/dot_general" stack_frame_id=321}, backend_config={"operation_queue_id":"0","fusion_backend_config":{"kind":"__triton_gemm"},"force_earliest_schedule":false,"reification_cost":[],"device_type":"DEVICE_TYPE_INVALID"}. Failed to profile configs: Out of memory while trying to allocate 53.48GiB. [tf-allocator-allocation-error='']
CRITICAL:graphcast:Uncaught exception
Traceback (most recent call last):
  File "/home/chengzy/graphcast/run_gr.py", line 347, in <module>
    main()
  File "/home/chengzy/graphcast/run_gr.py", line 328, in main
    predictions = rollout.chunked_prediction(
                  ^^^^^^^^^^^^^^^^^^^^^^^^^^^
  File "/home/chengzy/graphcast/graphcast/rollout.py", line 259, in chunked_prediction
    for prediction_chunk in chunked_prediction_generator(
  File "/home/chengzy/graphcast/graphcast/rollout.py", line 382, in chunked_prediction_generator
    predictions = predictor_fn(
                  ^^^^^^^^^^^^^
  File "/home/chengzy/graphcast/run_gr.py", line 263, in <lambda>
    return lambda **kw: fn(**kw)[0]
                        ^^^^^^^^
  File "/home/chengzy/.conda/envs/graphcast/lib/python3.11/site-packages/jax/_src/traceback_util.py", line 195, in reraise_with_filtered_traceback
    return fun(*args, **kwargs)  # pyrefly: ignore[not-callable]
           ^^^^^^^^^^^^^^^^^^^^
  File "/home/chengzy/.conda/envs/graphcast/lib/python3.11/site-packages/jax/_src/pjit.py", line 252, in cache_miss
    executable, pgle_profiler, const_args) = _run_python_pjit(
                                             ^^^^^^^^^^^^^^^^^
  File "/home/chengzy/.conda/envs/graphcast/lib/python3.11/site-packages/jax/_src/pjit.py", line 137, in _run_python_pjit
    out_flat, compiled, profiler, const_args = _pjit_call_impl_python(
                                               ^^^^^^^^^^^^^^^^^^^^^^^
  File "/home/chengzy/.conda/envs/graphcast/lib/python3.11/site-packages/jax/_src/pjit.py", line 1162, in _pjit_call_impl_python
    compiled = computation.compile()
               ^^^^^^^^^^^^^^^^^^^^^
  File "/home/chengzy/.conda/envs/graphcast/lib/python3.11/site-packages/jax/_src/interpreters/pxla.py", line 1230, in compile
    executable = UnloadedMeshExecutable.from_hlo(
                 ^^^^^^^^^^^^^^^^^^^^^^^^^^^^^^^^
  File "/home/chengzy/.conda/envs/graphcast/lib/python3.11/site-packages/jax/_src/interpreters/pxla.py", line 1728, in from_hlo
    xla_executable = _cached_compilation(
                     ^^^^^^^^^^^^^^^^^^^^
  File "/home/chengzy/.conda/envs/graphcast/lib/python3.11/site-packages/jax/_src/interpreters/pxla.py", line 1511, in _cached_compilation
    xla_executable = compiler.compile_or_get_cached(
                     ^^^^^^^^^^^^^^^^^^^^^^^^^^^^^^^
  File "/home/chengzy/.conda/envs/graphcast/lib/python3.11/site-packages/jax/_src/compiler.py", line 469, in compile_or_get_cached
    return _compile_and_write_cache(
           ^^^^^^^^^^^^^^^^^^^^^^^^^
  File "/home/chengzy/.conda/envs/graphcast/lib/python3.11/site-packages/jax/_src/compiler.py", line 737, in _compile_and_write_cache
    executable = backend_compile_and_load(
                 ^^^^^^^^^^^^^^^^^^^^^^^^^
  File "/home/chengzy/.conda/envs/graphcast/lib/python3.11/site-packages/jax/_src/profiler.py", line 427, in wrapper
    return func(*args, **kwargs)
           ^^^^^^^^^^^^^^^^^^^^^
  File "/home/chengzy/.conda/envs/graphcast/lib/python3.11/site-packages/jax/_src/compiler.py", line 363, in backend_compile_and_load
    raise e
  File "/home/chengzy/.conda/envs/graphcast/lib/python3.11/site-packages/jax/_src/compiler.py", line 353, in backend_compile_and_load
    return backend.compile_and_load(
           ^^^^^^^^^^^^^^^^^^^^^^^^^
jax.errors.JaxRuntimeError: INTERNAL: Failed to get configs for: 3 out of 16 instructions. See logs for all failures. Example failure: 
Autotuning failed for HLO: %gemm_fusion_dot.96 = bf16[9712470,512]{1,0} fusion(%bitcast.484, %linear_0____w__.46), kind=kCustom, calls=%gemm_fusion_dot.96_computation, metadata={op_name="jit(apply_fn)/while/body/closed_call/grid2mesh_gnn/_process/grid2mesh_gnn/_process_step/grid2mesh_gnn/sequential_3/processor_edges_0_grid2mesh_mlp/linear_0/dot_general" stack_frame_id=338}, backend_config={"operation_queue_id":"0","fusion_backend_config":{"kind":"__triton_gemm"},"force_earliest_schedule":false,"reification_cost":[],"device_type":"DEVICE_TYPE_INVALID"}. Failed to pick best config: All configs failed during profiling.
Failures (29):
COMPILATION FAILED: RESOURCE_EXHAUSTED: Discarding compilation due to register spilling.
COMPILATION FAILED: RESOURCE_EXHAUSTED: Compilation failed: Shared memory size limit exceeded: requested 196608, available: 166912, context: [Fusion: gemm_fusion_dot.96 = bf16[9712470,512]{1,0} fusion(bitcast.484, linear_0____w__.46), kind=kCustom, calls=gemm_fusion_dot.96_computation.clone, backend_config={"operation_queue_id":"0","fusion_backend_config":{"kind":"__triton_nested_gemm_fusion","block_level_fusion_config":{"num_warps":"8","output_tiles":[{"sizes":["256","128"]}],"num_ctas":1,"num_stages":4,"is_tma_allowed":false,"is_warp_specialization_allowed":false,"waves_per_eu":0}},"force_earliest_schedule":false,"reification_cost":[],"device_type":"DEVICE_TYPE_INVALID"}Computation: gemm_fusion_dot.96_computation.clone {
  parameter_1.10 = f32[1536,512]{1,0} parameter(1)
  convert_element_type.1953 = bf16[1536,512]{1,0} convert(parameter_1.10)
  parameter_0.10 = bf16[9712470,1536]{1,0} parameter(0)
  dot.268 = bf16[512,9712470]{0,1} dot(convert_element_type.1953, parameter_0.10), lhs_contracting_dims={0}, rhs_contracting_dims={1}, backend_config={"sizes":["64"]}
  ROOT bitcast.570 = bf16[9712470,512]{1,0} bitcast(dot.268)
}]
EXECUTION FAILED: RESOURCE_EXHAUSTED: Out of memory while trying to allocate 9.26GiB. [tf-allocator-allocation-error='']
EXECUTION FAILED: RESOURCE_EXHAUSTED: Out of memory while trying to allocate 9.26GiB. [tf-allocator-allocation-error='']
EXECUTION FAILED: RESOURCE_EXHAUSTED: Out of memory while trying to allocate 9.26GiB. [tf-allocator-allocation-error='']
EXECUTION FAILED: RESOURCE_EXHAUSTED: Out of memory while trying to allocate 9.26GiB. [tf-allocator-allocation-error='']
EXECUTION FAILED: RESOURCE_EXHAUSTED: Out of memory while trying to allocate 9.26GiB. [tf-allocator-allocation-error='']
EXECUTION FAILED: RESOURCE_EXHAUSTED: Out of memory while trying to allocate 9.26GiB. [tf-allocator-allocation-error='']
EXECUTION FAILED: RESOURCE_EXHAUSTED: Out of memory while trying to allocate 9.26GiB. [tf-allocator-allocation-error='']
EXECUTION FAILED: RESOURCE_EXHAUSTED: Out of memory while trying to allocate 9.26GiB. [tf-allocator-allocation-error='']
EXECUTION FAILED: RESOURCE_EXHAUSTED: Out of memory while trying to allocate 9.26GiB. [tf-allocator-allocation-error='']
EXECUTION FAILED: RESOURCE_EXHAUSTED: Out of memory while trying to allocate 9.26GiB. [tf-allocator-allocation-error='']
EXECUTION FAILED: RESOURCE_EXHAUSTED: Out of memory while trying to allocate 9.26GiB. [tf-allocator-allocation-error='']
EXECUTION FAILED: RESOURCE_EXHAUSTED: Out of memory while trying to allocate 9.26GiB. [tf-allocator-allocation-error='']
EXECUTION FAILED: RESOURCE_EXHAUSTED: Out of memory while trying to allocate 9.26GiB. [tf-allocator-allocation-error='']
EXECUTION FAILED: RESOURCE_EXHAUSTED: Out of memory while trying to allocate 9.26GiB. [tf-allocator-allocation-error='']
EXECUTION FAILED: RESOURCE_EXHAUSTED: Out of memory while trying to allocate 9.26GiB. [tf-allocator-allocation-error='']
EXECUTION FAILED: RESOURCE_EXHAUSTED: Out of memory while trying to allocate 9.26GiB. [tf-allocator-allocation-error='']
EXECUTION FAILED: RESOURCE_EXHAUSTED: Out of memory while trying to allocate 9.26GiB. [tf-allocator-allocation-error='']
EXECUTION FAILED: RESOURCE_EXHAUSTED: Out of memory while trying to allocate 9.26GiB. [tf-allocator-allocation-error='']
EXECUTION FAILED: RESOURCE_EXHAUSTED: Out of memory while trying to allocate 9.26GiB. [tf-allocator-allocation-error='']
EXECUTION FAILED: RESOURCE_EXHAUSTED: Out of memory while trying to allocate 9.26GiB. [tf-allocator-allocation-error='']
EXECUTION FAILED: RESOURCE_EXHAUSTED: Out of memory while trying to allocate 9.26GiB. [tf-allocator-allocation-error='']
EXECUTION FAILED: RESOURCE_EXHAUSTED: Out of memory while trying to allocate 9.26GiB. [tf-allocator-allocation-error='']
EXECUTION FAILED: RESOURCE_EXHAUSTED: Out of memory while trying to allocate 9.26GiB. [tf-allocator-allocation-error='']
EXECUTION FAILED: RESOURCE_EXHAUSTED: Out of memory while trying to allocate 9.26GiB. [tf-allocator-allocation-error='']
EXECUTION FAILED: RESOURCE_EXHAUSTED: Out of memory while trying to allocate 9.26GiB. [tf-allocator-allocation-error='']
EXECUTION FAILED: RESOURCE_EXHAUSTED: Out of memory while trying to allocate 9.26GiB. [tf-allocator-allocation-error='']
EXECUTION FAILED: RESOURCE_EXHAUSTED: Out of memory while trying to allocate 9.26GiB. [tf-allocator-allocation-error='']
/home/chengzy/graphcast/graphcast/rollout.py:330: FutureWarning: The return type of `Dataset.dims` will be changed to return a set of dimension names in future, in order to be more consistent with `DataArray.dims`. To access a mapping from dimension names to lengths, please use `Dataset.sizes`.
  num_target_steps = targets_template.dims["time"]
/home/chengzy/graphcast/graphcast/autoregressive.py:202: FutureWarning: The return type of `Dataset.dims` will be changed to return a set of dimension names in future, in order to be more consistent with `DataArray.dims`. To access a mapping from dimension names to lengths, please use `Dataset.sizes`.
  scan_length = targets_template.dims['time']
WARNING:absl:Skipping gradient checkpointing for sequence length of 1
/home/chengzy/graphcast/graphcast/autoregressive.py:115: FutureWarning: The return type of `Dataset.dims` will be changed to return a set of dimension names in future, in order to be more consistent with `DataArray.dims`. To access a mapping from dimension names to lengths, please use `Dataset.sizes`.
  num_inputs = inputs.dims['time']
E0526 17:40:31.105667 1649286 gpu_hlo_schedule.cc:971] The byte size of input/output arguments (38276825088) exceeds the base limit (33924684185). This indicates an error in the calculation!
E0526 17:40:31.108662 1649340 gpu_hlo_schedule.cc:971] The byte size of input/output arguments (38276825088) exceeds the base limit (33924684185). This indicates an error in the calculation!
E0526 17:40:31.108142 1649353 gpu_hlo_schedule.cc:971] The byte size of input/output arguments (38276825088) exceeds the base limit (33924684185). This indicates an error in the calculation!
E0526 17:40:31.108656 1649338 gpu_hlo_schedule.cc:971] The byte size of input/output arguments (38276825088) exceeds the base limit (33924684185). This indicates an error in the calculation!
E0526 17:40:31.109292 1649320 gpu_hlo_schedule.cc:971] The byte size of input/output arguments (38276825088) exceeds the base limit (33924684185). This indicates an error in the calculation!
E0526 17:40:31.108677 1649359 gpu_hlo_schedule.cc:971] The byte size of input/output arguments (38276825088) exceeds the base limit (33924684185). This indicates an error in the calculation!
E0526 17:40:31.108701 1649345 gpu_hlo_schedule.cc:971] The byte size of input/output arguments (38276825088) exceeds the base limit (33924684185). This indicates an error in the calculation!
E0526 17:40:31.108728 1649335 gpu_hlo_schedule.cc:971] The byte size of input/output arguments (38276825088) exceeds the base limit (33924684185). This indicates an error in the calculation!
E0526 17:40:31.108720 1649331 gpu_hlo_schedule.cc:971] The byte size of input/output arguments (38276825088) exceeds the base limit (33924684185). This indicates an error in the calculation!
E0526 17:40:31.109350 1649311 gpu_hlo_schedule.cc:971] The byte size of input/output arguments (38276825088) exceeds the base limit (33924684185). This indicates an error in the calculation!
E0526 17:40:31.109389 1649321 gpu_hlo_schedule.cc:971] The byte size of input/output arguments (38276825088) exceeds the base limit (33924684185). This indicates an error in the calculation!
E0526 17:40:31.109308 1649323 gpu_hlo_schedule.cc:971] The byte size of input/output arguments (38276825088) exceeds the base limit (33924684185). This indicates an error in the calculation!
E0526 17:40:31.109361 1649322 gpu_hlo_schedule.cc:971] The byte size of input/output arguments (38276825088) exceeds the base limit (33924684185). This indicates an error in the calculation!
E0526 17:40:31.110090 1649348 gpu_hlo_schedule.cc:971] The byte size of input/output arguments (38276825088) exceeds the base limit (33924684185). This indicates an error in the calculation!
E0526 17:40:31.109470 1649327 gpu_hlo_schedule.cc:971] The byte size of input/output arguments (38276825088) exceeds the base limit (33924684185). This indicates an error in the calculation!
W0526 17:40:31.110817 1649286 hlo_rematerialization.cc:3233] Can't reduce memory use below 8.91GiB (9568419840 bytes) by rematerialization; only reduced to 8.92GiB (9574187024 bytes), down from 8.92GiB (9574187024 bytes) originally
E0526 17:40:31.109961 1649326 gpu_hlo_schedule.cc:971] The byte size of input/output arguments (38276825088) exceeds the base limit (33924684185). This indicates an error in the calculation!
E0526 17:40:31.110685 1649308 gpu_hlo_schedule.cc:971] The byte size of input/output arguments (38276825088) exceeds the base limit (33924684185). This indicates an error in the calculation!
E0526 17:40:31.110810 1649290 gpu_hlo_schedule.cc:971] The byte size of input/output arguments (38276825088) exceeds the base limit (33924684185). This indicates an error in the calculation!
E0526 17:40:31.110696 1649317 gpu_hlo_schedule.cc:971] The byte size of input/output arguments (38276825088) exceeds the base limit (33924684185). This indicates an error in the calculation!
E0526 17:40:31.110729 1649330 gpu_hlo_schedule.cc:971] The byte size of input/output arguments (38276825088) exceeds the base limit (33924684185). This indicates an error in the calculation!
E0526 17:40:31.110799 1649285 gpu_hlo_schedule.cc:971] The byte size of input/output arguments (38276825088) exceeds the base limit (33924684185). This indicates an error in the calculation!
E0526 17:40:31.110796 1649318 gpu_hlo_schedule.cc:971] The byte size of input/output arguments (38276825088) exceeds the base limit (33924684185). This indicates an error in the calculation!
E0526 17:40:31.111475 1649304 gpu_hlo_schedule.cc:971] The byte size of input/output arguments (38276825088) exceeds the base limit (33924684185). This indicates an error in the calculation!
W0526 17:40:31.113701 1649331 hlo_rematerialization.cc:3233] Can't reduce memory use below 8.91GiB (9568419840 bytes) by rematerialization; only reduced to 8.92GiB (9574187024 bytes), down from 8.92GiB (9574187024 bytes) originally
W0526 17:40:31.113743 1649311 hlo_rematerialization.cc:3233] Can't reduce memory use below 8.91GiB (9568419840 bytes) by rematerialization; only reduced to 8.92GiB (9574187024 bytes), down from 8.92GiB (9574187024 bytes) originally
W0526 17:40:31.115255 1649326 hlo_rematerialization.cc:3233] Can't reduce memory use below 8.91GiB (9568419840 bytes) by rematerialization; only reduced to 8.92GiB (9574187024 bytes), down from 8.92GiB (9574187024 bytes) originally
W0526 17:40:31.116019 1649308 hlo_rematerialization.cc:3233] Can't reduce memory use below 8.91GiB (9568419840 bytes) by rematerialization; only reduced to 8.92GiB (9574187024 bytes), down from 8.92GiB (9574187024 bytes) originally
E0526 17:40:31.115297 1649257 gpu_hlo_schedule.cc:971] The byte size of input/output arguments (38276825088) exceeds the base limit (33924684185). This indicates an error in the calculation!
W0526 17:40:31.116045 1649317 hlo_rematerialization.cc:3233] Can't reduce memory use below 8.91GiB (9568419840 bytes) by rematerialization; only reduced to 8.92GiB (9574187024 bytes), down from 8.92GiB (9574187024 bytes) originally
E0526 17:40:31.789963 1649334 gpu_hlo_schedule.cc:971] The byte size of input/output arguments (38276825088) exceeds the base limit (33924684185). This indicates an error in the calculation!
E0526 17:40:31.791250 1649487 gpu_hlo_schedule.cc:971] The byte size of input/output arguments (38276825088) exceeds the base limit (33924684185). This indicates an error in the calculation!
E0526 17:40:31.835031 1649352 gpu_hlo_schedule.cc:971] The byte size of input/output arguments (38276825088) exceeds the base limit (33924684185). This indicates an error in the calculation!
E0526 17:40:31.860613 1649466 gpu_hlo_schedule.cc:971] The byte size of input/output arguments (38276825088) exceeds the base limit (33924684185). This indicates an error in the calculation!
W0526 17:40:31.861087 1649466 hlo_rematerialization.cc:3233] Can't reduce memory use below 8.91GiB (9568419840 bytes) by rematerialization; only reduced to 8.92GiB (9574187024 bytes), down from 8.92GiB (9574187024 bytes) originally
E0526 17:40:32.448832 1649502 gpu_hlo_schedule.cc:971] The byte size of input/output arguments (38276825088) exceeds the base limit (33924684185). This indicates an error in the calculation!
W0526 17:40:32.449233 1649502 hlo_rematerialization.cc:3233] Can't reduce memory use below 8.91GiB (9568419840 bytes) by rematerialization; only reduced to 8.92GiB (9574187024 bytes), down from 8.92GiB (9574187024 bytes) originally
W0526 17:40:55.313680 1649322 bfc_allocator.cc:514] Allocator (GPU_0_bfc) ran out of memory trying to allocate 8.91GiB (rounded to 9568419840)requested by op 
If the cause is memory fragmentation maybe the environment variable 'TF_GPU_ALLOCATOR=cuda_malloc_async' will improve the situation. 
Current allocation summary follows.
Current allocation summary follows.
W0526 17:40:55.313915 1649322 bfc_allocator.cc:525] *******************************************************************************************_________
W0526 17:41:05.313993 1649322 bfc_allocator.cc:514] Allocator (GPU_0_bfc) ran out of memory trying to allocate 8.91GiB (rounded to 9568419840)requested by op 
If the cause is memory fragmentation maybe the environment variable 'TF_GPU_ALLOCATOR=cuda_malloc_async' will improve the situation. 
Current allocation summary follows.
Current allocation summary follows.
W0526 17:41:05.314107 1649322 bfc_allocator.cc:525] *******************************************************************************************_________
W0526 17:41:15.314193 1649322 bfc_allocator.cc:514] Allocator (GPU_0_bfc) ran out of memory trying to allocate 8.91GiB (rounded to 9568419840)requested by op 
If the cause is memory fragmentation maybe the environment variable 'TF_GPU_ALLOCATOR=cuda_malloc_async' will improve the situation. 
Current allocation summary follows.
Current allocation summary follows.
W0526 17:41:15.314266 1649322 bfc_allocator.cc:525] *******************************************************************************************_________
W0526 17:41:25.314334 1649322 bfc_allocator.cc:514] Allocator (GPU_0_bfc) ran out of memory trying to allocate 8.91GiB (rounded to 9568419840)requested by op 
If the cause is memory fragmentation maybe the environment variable 'TF_GPU_ALLOCATOR=cuda_malloc_async' will improve the situation. 
Current allocation summary follows.
Current allocation summary follows.
W0526 17:41:25.314454 1649322 bfc_allocator.cc:525] *******************************************************************************************_________
W0526 17:41:35.314516 1649322 bfc_allocator.cc:514] Allocator (GPU_0_bfc) ran out of memory trying to allocate 8.91GiB (rounded to 9568419840)requested by op 
If the cause is memory fragmentation maybe the environment variable 'TF_GPU_ALLOCATOR=cuda_malloc_async' will improve the situation. 
Current allocation summary follows.
Current allocation summary follows.
W0526 17:41:35.314641 1649322 bfc_allocator.cc:525] *******************************************************************************************_________
W0526 17:41:45.314712 1649322 bfc_allocator.cc:514] Allocator (GPU_0_bfc) ran out of memory trying to allocate 8.91GiB (rounded to 9568419840)requested by op 
If the cause is memory fragmentation maybe the environment variable 'TF_GPU_ALLOCATOR=cuda_malloc_async' will improve the situation. 
Current allocation summary follows.
Current allocation summary follows.
W0526 17:41:45.314795 1649322 bfc_allocator.cc:525] *******************************************************************************************_________
W0526 17:41:55.314852 1649322 bfc_allocator.cc:514] Allocator (GPU_0_bfc) ran out of memory trying to allocate 8.91GiB (rounded to 9568419840)requested by op 
If the cause is memory fragmentation maybe the environment variable 'TF_GPU_ALLOCATOR=cuda_malloc_async' will improve the situation. 
Current allocation summary follows.
Current allocation summary follows.
W0526 17:41:55.314937 1649322 bfc_allocator.cc:525] *******************************************************************************************_________
W0526 17:42:05.315014 1649322 bfc_allocator.cc:514] Allocator (GPU_0_bfc) ran out of memory trying to allocate 8.91GiB (rounded to 9568419840)requested by op 
If the cause is memory fragmentation maybe the environment variable 'TF_GPU_ALLOCATOR=cuda_malloc_async' will improve the situation. 
Current allocation summary follows.
Current allocation summary follows.
W0526 17:42:05.315157 1649322 bfc_allocator.cc:525] *******************************************************************************************_________
W0526 17:42:15.315399 1649322 bfc_allocator.cc:514] Allocator (GPU_0_bfc) ran out of memory trying to allocate 8.91GiB (rounded to 9568419840)requested by op 
If the cause is memory fragmentation maybe the environment variable 'TF_GPU_ALLOCATOR=cuda_malloc_async' will improve the situation. 
Current allocation summary follows.
Current allocation summary follows.
W0526 17:42:15.315466 1649322 bfc_allocator.cc:525] *******************************************************************************************_________
W0526 17:42:25.315597 1649322 bfc_allocator.cc:514] Allocator (GPU_0_bfc) ran out of memory trying to allocate 8.91GiB (rounded to 9568419840)requested by op 
If the cause is memory fragmentation maybe the environment variable 'TF_GPU_ALLOCATOR=cuda_malloc_async' will improve the situation. 
Current allocation summary follows.
Current allocation summary follows.
W0526 17:42:25.315711 1649322 bfc_allocator.cc:525] *******************************************************************************************_________
W0526 17:42:35.315904 1649322 bfc_allocator.cc:514] Allocator (GPU_0_bfc) ran out of memory trying to allocate 8.91GiB (rounded to 9568419840)requested by op 
If the cause is memory fragmentation maybe the environment variable 'TF_GPU_ALLOCATOR=cuda_malloc_async' will improve the situation. 
Current allocation summary follows.
Current allocation summary follows.
W0526 17:42:35.316046 1649322 bfc_allocator.cc:525] *******************************************************************************************_________
W0526 17:42:45.316205 1649322 bfc_allocator.cc:514] Allocator (GPU_0_bfc) ran out of memory trying to allocate 8.91GiB (rounded to 9568419840)requested by op 
If the cause is memory fragmentation maybe the environment variable 'TF_GPU_ALLOCATOR=cuda_malloc_async' will improve the situation. 
Current allocation summary follows.
Current allocation summary follows.
W0526 17:42:45.316271 1649322 bfc_allocator.cc:525] *******************************************************************************************_________
W0526 17:42:55.316379 1649322 bfc_allocator.cc:514] Allocator (GPU_0_bfc) ran out of memory trying to allocate 8.91GiB (rounded to 9568419840)requested by op 
If the cause is memory fragmentation maybe the environment variable 'TF_GPU_ALLOCATOR=cuda_malloc_async' will improve the situation. 
Current allocation summary follows.
Current allocation summary follows.
W0526 17:42:55.316474 1649322 bfc_allocator.cc:525] *******************************************************************************************_________
W0526 17:43:05.316650 1649322 bfc_allocator.cc:514] Allocator (GPU_0_bfc) ran out of memory trying to allocate 8.91GiB (rounded to 9568419840)requested by op 
If the cause is memory fragmentation maybe the environment variable 'TF_GPU_ALLOCATOR=cuda_malloc_async' will improve the situation. 
Current allocation summary follows.
Current allocation summary follows.
W0526 17:43:05.316751 1649322 bfc_allocator.cc:525] *******************************************************************************************_________
W0526 17:43:15.316918 1649322 bfc_allocator.cc:514] Allocator (GPU_0_bfc) ran out of memory trying to allocate 8.91GiB (rounded to 9568419840)requested by op 
If the cause is memory fragmentation maybe the environment variable 'TF_GPU_ALLOCATOR=cuda_malloc_async' will improve the situation. 
Current allocation summary follows.
Current allocation summary follows.
W0526 17:43:15.317099 1649322 bfc_allocator.cc:525] *******************************************************************************************_________
W0526 17:43:25.317363 1649322 bfc_allocator.cc:514] Allocator (GPU_0_bfc) ran out of memory trying to allocate 8.91GiB (rounded to 9568419840)requested by op 
If the cause is memory fragmentation maybe the environment variable 'TF_GPU_ALLOCATOR=cuda_malloc_async' will improve the situation. 
Current allocation summary follows.
Current allocation summary follows.
W0526 17:43:25.317479 1649322 bfc_allocator.cc:525] *******************************************************************************************_________
W0526 17:43:35.317633 1649322 bfc_allocator.cc:514] Allocator (GPU_0_bfc) ran out of memory trying to allocate 8.91GiB (rounded to 9568419840)requested by op 
If the cause is memory fragmentation maybe the environment variable 'TF_GPU_ALLOCATOR=cuda_malloc_async' will improve the situation. 
Current allocation summary follows.
Current allocation summary follows.
W0526 17:43:35.317750 1649322 bfc_allocator.cc:525] *******************************************************************************************_________
W0526 17:43:45.317904 1649322 bfc_allocator.cc:514] Allocator (GPU_0_bfc) ran out of memory trying to allocate 8.91GiB (rounded to 9568419840)requested by op 
If the cause is memory fragmentation maybe the environment variable 'TF_GPU_ALLOCATOR=cuda_malloc_async' will improve the situation. 
Current allocation summary follows.
Current allocation summary follows.
W0526 17:43:45.318017 1649322 bfc_allocator.cc:525] *******************************************************************************************_________
W0526 17:43:55.318155 1649322 bfc_allocator.cc:514] Allocator (GPU_0_bfc) ran out of memory trying to allocate 8.91GiB (rounded to 9568419840)requested by op 
If the cause is memory fragmentation maybe the environment variable 'TF_GPU_ALLOCATOR=cuda_malloc_async' will improve the situation. 
Current allocation summary follows.
Current allocation summary follows.
W0526 17:43:55.318283 1649322 bfc_allocator.cc:525] *******************************************************************************************_________
W0526 17:44:05.318441 1649322 bfc_allocator.cc:514] Allocator (GPU_0_bfc) ran out of memory trying to allocate 8.91GiB (rounded to 9568419840)requested by op 
If the cause is memory fragmentation maybe the environment variable 'TF_GPU_ALLOCATOR=cuda_malloc_async' will improve the situation. 
Current allocation summary follows.
Current allocation summary follows.
W0526 17:44:05.318566 1649322 bfc_allocator.cc:525] *******************************************************************************************_________
W0526 17:44:15.318729 1649322 bfc_allocator.cc:514] Allocator (GPU_0_bfc) ran out of memory trying to allocate 8.91GiB (rounded to 9568419840)requested by op 
If the cause is memory fragmentation maybe the environment variable 'TF_GPU_ALLOCATOR=cuda_malloc_async' will improve the situation. 
Current allocation summary follows.
Current allocation summary follows.
W0526 17:44:15.318857 1649322 bfc_allocator.cc:525] *******************************************************************************************_________
W0526 17:44:25.318997 1649322 bfc_allocator.cc:514] Allocator (GPU_0_bfc) ran out of memory trying to allocate 8.91GiB (rounded to 9568419840)requested by op 
If the cause is memory fragmentation maybe the environment variable 'TF_GPU_ALLOCATOR=cuda_malloc_async' will improve the situation. 
Current allocation summary follows.
Current allocation summary follows.
W0526 17:44:25.319081 1649322 bfc_allocator.cc:525] *******************************************************************************************_________
W0526 17:44:35.319189 1649322 bfc_allocator.cc:514] Allocator (GPU_0_bfc) ran out of memory trying to allocate 8.91GiB (rounded to 9568419840)requested by op 
If the cause is memory fragmentation maybe the environment variable 'TF_GPU_ALLOCATOR=cuda_malloc_async' will improve the situation. 
Current allocation summary follows.
Current allocation summary follows.
W0526 17:44:35.319258 1649322 bfc_allocator.cc:525] *******************************************************************************************_________
W0526 17:44:45.319369 1649322 bfc_allocator.cc:514] Allocator (GPU_0_bfc) ran out of memory trying to allocate 8.91GiB (rounded to 9568419840)requested by op 
If the cause is memory fragmentation maybe the environment variable 'TF_GPU_ALLOCATOR=cuda_malloc_async' will improve the situation. 
Current allocation summary follows.
Current allocation summary follows.
W0526 17:44:45.319485 1649322 bfc_allocator.cc:525] *******************************************************************************************_________
W0526 17:44:55.319637 1649322 bfc_allocator.cc:514] Allocator (GPU_0_bfc) ran out of memory trying to allocate 8.91GiB (rounded to 9568419840)requested by op 
If the cause is memory fragmentation maybe the environment variable 'TF_GPU_ALLOCATOR=cuda_malloc_async' will improve the situation. 
Current allocation summary follows.
Current allocation summary follows.
W0526 17:44:55.319750 1649322 bfc_allocator.cc:525] *******************************************************************************************_________
W0526 17:45:05.319874 1649322 bfc_allocator.cc:514] Allocator (GPU_0_bfc) ran out of memory trying to allocate 8.91GiB (rounded to 9568419840)requested by op 
If the cause is memory fragmentation maybe the environment variable 'TF_GPU_ALLOCATOR=cuda_malloc_async' will improve the situation. 
Current allocation summary follows.
Current allocation summary follows.
W0526 17:45:05.319985 1649322 bfc_allocator.cc:525] *******************************************************************************************_________
W0526 17:45:15.320180 1649322 bfc_allocator.cc:514] Allocator (GPU_0_bfc) ran out of memory trying to allocate 8.91GiB (rounded to 9568419840)requested by op 
If the cause is memory fragmentation maybe the environment variable 'TF_GPU_ALLOCATOR=cuda_malloc_async' will improve the situation. 
Current allocation summary follows.
Current allocation summary follows.
W0526 17:45:15.320255 1649322 bfc_allocator.cc:525] *******************************************************************************************_________
E0526 17:45:24.222801 1648530 autotuner.cc:494] Could not get config for HLO: %gemm_fusion_dot.166 = bf16[9344160,512]{1,0} fusion(%bitcast.579, %linear_0____w__.51), kind=kCustom, calls=
(parameter_0.80: bf16[9344160,1536], parameter_1.80: f32[1536,512]) -> bf16[9344160,512] {
  %parameter_1.80 = f32[1536,512]{1,0} parameter(1)
  %convert_element_type.2028 = bf16[1536,512]{1,0} convert(%parameter_1.80), metadata={op_name="jit(apply_fn)/while/body/closed_call/mesh2grid_gnn/_process/mesh2grid_gnn/_process_step/mesh2grid_gnn/sequential_1/processor_edges_0_mesh2grid_mlp/linear_0/convert_element_type" stack_frame_id=324}
  %parameter_0.80 = bf16[9344160,1536]{1,0} parameter(0)
  %dot.338 = bf16[512,9344160]{0,1} dot(%convert_element_type.2028, %parameter_0.80), lhs_contracting_dims={0}, rhs_contracting_dims={1}, metadata={op_name="jit(apply_fn)/while/body/closed_call/mesh2grid_gnn/_process/mesh2grid_gnn/_process_step/mesh2grid_gnn/sequential_1/processor_edges_0_mesh2grid_mlp/linear_0/dot_general" stack_frame_id=323}
  ROOT %bitcast.665 = bf16[9344160,512]{1,0} bitcast(%dot.338), metadata={op_name="jit(apply_fn)/while/body/closed_call/mesh2grid_gnn/_process/mesh2grid_gnn/_process_step/mesh2grid_gnn/sequential_1/processor_edges_0_mesh2grid_mlp/linear_0/dot_general" stack_frame_id=323}
}, metadata={op_name="jit(apply_fn)/while/body/closed_call/mesh2grid_gnn/_process/mesh2grid_gnn/_process_step/mesh2grid_gnn/sequential_1/processor_edges_0_mesh2grid_mlp/linear_0/dot_general" stack_frame_id=323}, backend_config={"operation_queue_id":"0","fusion_backend_config":{"kind":"__triton_gemm"},"force_earliest_schedule":false,"reification_cost":[],"device_type":"DEVICE_TYPE_INVALID"}. Status: INTERNAL: Autotuning failed for HLO: %gemm_fusion_dot.166 = bf16[9344160,512]{1,0} fusion(%bitcast.579, %linear_0____w__.51), kind=kCustom, calls=%gemm_fusion_dot.166_computation, metadata={op_name="jit(apply_fn)/while/body/closed_call/mesh2grid_gnn/_process/mesh2grid_gnn/_process_step/mesh2grid_gnn/sequential_1/processor_edges_0_mesh2grid_mlp/linear_0/dot_general" stack_frame_id=323}, backend_config={"operation_queue_id":"0","fusion_backend_config":{"kind":"__triton_gemm"},"force_earliest_schedule":false,"reification_cost":[],"device_type":"DEVICE_TYPE_INVALID"}. Failed to pick best config: All configs failed during profiling.
Failures (29):
COMPILATION FAILED: RESOURCE_EXHAUSTED: Discarding compilation due to register spilling.
COMPILATION FAILED: RESOURCE_EXHAUSTED: Compilation failed: Shared memory size limit exceeded: requested 196608, available: 166912, context: [Fusion: gemm_fusion_dot.166 = bf16[9344160,512]{1,0} fusion(bitcast.579, linear_0____w__.51), kind=kCustom, calls=gemm_fusion_dot.166_computation.clone, backend_config={"operation_queue_id":"0","fusion_backend_config":{"kind":"__triton_nested_gemm_fusion","block_level_fusion_config":{"num_warps":"8","output_tiles":[{"sizes":["256","128"]}],"num_ctas":1,"num_stages":4,"is_tma_allowed":false,"is_warp_specialization_allowed":false,"waves_per_eu":0}},"force_earliest_schedule":false,"reification_cost":[],"device_type":"DEVICE_TYPE_INVALID"}Computation: gemm_fusion_dot.166_computation.clone {
  parameter_1.80 = f32[1536,512]{1,0} parameter(1)
  convert_element_type.2028 = bf16[1536,512]{1,0} convert(parameter_1.80)
  parameter_0.80 = bf16[9344160,1536]{1,0} parameter(0)
  dot.338 = bf16[512,9344160]{0,1} dot(convert_element_type.2028, parameter_0.80), lhs_contracting_dims={0}, rhs_contracting_dims={1}, backend_config={"sizes":["64"]}
  ROOT bitcast.665 = bf16[9344160,512]{1,0} bitcast(dot.338)
}]
EXECUTION FAILED: RESOURCE_EXHAUSTED: Out of memory while trying to allocate 8.91GiB. [tf-allocator-allocation-error='']
EXECUTION FAILED: RESOURCE_EXHAUSTED: Out of memory while trying to allocate 8.91GiB. [tf-allocator-allocation-error='']
EXECUTION FAILED: RESOURCE_EXHAUSTED: Out of memory while trying to allocate 8.91GiB. [tf-allocator-allocation-error='']
EXECUTION FAILED: RESOURCE_EXHAUSTED: Out of memory while trying to allocate 8.91GiB. [tf-allocator-allocation-error='']
EXECUTION FAILED: RESOURCE_EXHAUSTED: Out of memory while trying to allocate 8.91GiB. [tf-allocator-allocation-error='']
EXECUTION FAILED: RESOURCE_EXHAUSTED: Out of memory while trying to allocate 8.91GiB. [tf-allocator-allocation-error='']
EXECUTION FAILED: RESOURCE_EXHAUSTED: Out of memory while trying to allocate 8.91GiB. [tf-allocator-allocation-error='']
EXECUTION FAILED: RESOURCE_EXHAUSTED: Out of memory while trying to allocate 8.91GiB. [tf-allocator-allocation-error='']
EXECUTION FAILED: RESOURCE_EXHAUSTED: Out of memory while trying to allocate 8.91GiB. [tf-allocator-allocation-error='']
EXECUTION FAILED: RESOURCE_EXHAUSTED: Out of memory while trying to allocate 8.91GiB. [tf-allocator-allocation-error='']
EXECUTION FAILED: RESOURCE_EXHAUSTED: Out of memory while trying to allocate 8.91GiB. [tf-allocator-allocation-error='']
EXECUTION FAILED: RESOURCE_EXHAUSTED: Out of memory while trying to allocate 8.91GiB. [tf-allocator-allocation-error='']
EXECUTION FAILED: RESOURCE_EXHAUSTED: Out of memory while trying to allocate 8.91GiB. [tf-allocator-allocation-error='']
EXECUTION FAILED: RESOURCE_EXHAUSTED: Out of memory while trying to allocate 8.91GiB. [tf-allocator-allocation-error='']
EXECUTION FAILED: RESOURCE_EXHAUSTED: Out of memory while trying to allocate 8.91GiB. [tf-allocator-allocation-error='']
EXECUTION FAILED: RESOURCE_EXHAUSTED: Out of memory while trying to allocate 8.91GiB. [tf-allocator-allocation-error='']
EXECUTION FAILED: RESOURCE_EXHAUSTED: Out of memory while trying to allocate 8.91GiB. [tf-allocator-allocation-error='']
EXECUTION FAILED: RESOURCE_EXHAUSTED: Out of memory while trying to allocate 8.91GiB. [tf-allocator-allocation-error='']
EXECUTION FAILED: RESOURCE_EXHAUSTED: Out of memory while trying to allocate 8.91GiB. [tf-allocator-allocation-error='']
EXECUTION FAILED: RESOURCE_EXHAUSTED: Out of memory while trying to allocate 8.91GiB. [tf-allocator-allocation-error='']
EXECUTION FAILED: RESOURCE_EXHAUSTED: Out of memory while trying to allocate 8.91GiB. [tf-allocator-allocation-error='']
EXECUTION FAILED: RESOURCE_EXHAUSTED: Out of memory while trying to allocate 8.91GiB. [tf-allocator-allocation-error='']
EXECUTION FAILED: RESOURCE_EXHAUSTED: Out of memory while trying to allocate 8.91GiB. [tf-allocator-allocation-error='']
EXECUTION FAILED: RESOURCE_EXHAUSTED: Out of memory while trying to allocate 8.91GiB. [tf-allocator-allocation-error='']
EXECUTION FAILED: RESOURCE_EXHAUSTED: Out of memory while trying to allocate 8.91GiB. [tf-allocator-allocation-error='']
EXECUTION FAILED: RESOURCE_EXHAUSTED: Out of memory while trying to allocate 8.91GiB. [tf-allocator-allocation-error='']
EXECUTION FAILED: RESOURCE_EXHAUSTED: Out of memory while trying to allocate 8.91GiB. [tf-allocator-allocation-error='']
CRITICAL:graphcast:Uncaught exception
Traceback (most recent call last):
  File "/home/chengzy/graphcast/run_gr.py", line 345, in <module>
    main()
  File "/home/chengzy/graphcast/run_gr.py", line 326, in main
    predictions = rollout.chunked_prediction(
                  ^^^^^^^^^^^^^^^^^^^^^^^^^^^
  File "/home/chengzy/graphcast/graphcast/rollout.py", line 259, in chunked_prediction
    for prediction_chunk in chunked_prediction_generator(
  File "/home/chengzy/graphcast/graphcast/rollout.py", line 382, in chunked_prediction_generator
    predictions = predictor_fn(
                  ^^^^^^^^^^^^^
  File "/home/chengzy/graphcast/run_gr.py", line 261, in <lambda>
    return lambda **kw: fn(**kw)[0]
                        ^^^^^^^^
  File "/home/chengzy/.conda/envs/graphcast/lib/python3.11/site-packages/jax/_src/traceback_util.py", line 195, in reraise_with_filtered_traceback
    return fun(*args, **kwargs)  # pyrefly: ignore[not-callable]
           ^^^^^^^^^^^^^^^^^^^^
  File "/home/chengzy/.conda/envs/graphcast/lib/python3.11/site-packages/jax/_src/pjit.py", line 252, in cache_miss
    executable, pgle_profiler, const_args) = _run_python_pjit(
                                             ^^^^^^^^^^^^^^^^^
  File "/home/chengzy/.conda/envs/graphcast/lib/python3.11/site-packages/jax/_src/pjit.py", line 137, in _run_python_pjit
    out_flat, compiled, profiler, const_args = _pjit_call_impl_python(
                                               ^^^^^^^^^^^^^^^^^^^^^^^
  File "/home/chengzy/.conda/envs/graphcast/lib/python3.11/site-packages/jax/_src/pjit.py", line 1162, in _pjit_call_impl_python
    compiled = computation.compile()
               ^^^^^^^^^^^^^^^^^^^^^
  File "/home/chengzy/.conda/envs/graphcast/lib/python3.11/site-packages/jax/_src/interpreters/pxla.py", line 1230, in compile
    executable = UnloadedMeshExecutable.from_hlo(
                 ^^^^^^^^^^^^^^^^^^^^^^^^^^^^^^^^
  File "/home/chengzy/.conda/envs/graphcast/lib/python3.11/site-packages/jax/_src/interpreters/pxla.py", line 1728, in from_hlo
    xla_executable = _cached_compilation(
                     ^^^^^^^^^^^^^^^^^^^^
  File "/home/chengzy/.conda/envs/graphcast/lib/python3.11/site-packages/jax/_src/interpreters/pxla.py", line 1511, in _cached_compilation
    xla_executable = compiler.compile_or_get_cached(
                     ^^^^^^^^^^^^^^^^^^^^^^^^^^^^^^^
  File "/home/chengzy/.conda/envs/graphcast/lib/python3.11/site-packages/jax/_src/compiler.py", line 469, in compile_or_get_cached
    return _compile_and_write_cache(
           ^^^^^^^^^^^^^^^^^^^^^^^^^
  File "/home/chengzy/.conda/envs/graphcast/lib/python3.11/site-packages/jax/_src/compiler.py", line 737, in _compile_and_write_cache
    executable = backend_compile_and_load(
                 ^^^^^^^^^^^^^^^^^^^^^^^^^
  File "/home/chengzy/.conda/envs/graphcast/lib/python3.11/site-packages/jax/_src/profiler.py", line 427, in wrapper
    return func(*args, **kwargs)
           ^^^^^^^^^^^^^^^^^^^^^
  File "/home/chengzy/.conda/envs/graphcast/lib/python3.11/site-packages/jax/_src/compiler.py", line 363, in backend_compile_and_load
    raise e
  File "/home/chengzy/.conda/envs/graphcast/lib/python3.11/site-packages/jax/_src/compiler.py", line 353, in backend_compile_and_load
    return backend.compile_and_load(
           ^^^^^^^^^^^^^^^^^^^^^^^^^
jax.errors.JaxRuntimeError: INTERNAL: Autotuning failed for HLO: %gemm_fusion_dot.166 = bf16[9344160,512]{1,0} fusion(%bitcast.579, %linear_0____w__.51), kind=kCustom, calls=%gemm_fusion_dot.166_computation, metadata={op_name="jit(apply_fn)/while/body/closed_call/mesh2grid_gnn/_process/mesh2grid_gnn/_process_step/mesh2grid_gnn/sequential_1/processor_edges_0_mesh2grid_mlp/linear_0/dot_general" stack_frame_id=323}, backend_config={"operation_queue_id":"0","fusion_backend_config":{"kind":"__triton_gemm"},"force_earliest_schedule":false,"reification_cost":[],"device_type":"DEVICE_TYPE_INVALID"}. Failed to pick best config: All configs failed during profiling.
Failures (29):
COMPILATION FAILED: RESOURCE_EXHAUSTED: Discarding compilation due to register spilling.
COMPILATION FAILED: RESOURCE_EXHAUSTED: Compilation failed: Shared memory size limit exceeded: requested 196608, available: 166912, context: [Fusion: gemm_fusion_dot.166 = bf16[9344160,512]{1,0} fusion(bitcast.579, linear_0____w__.51), kind=kCustom, calls=gemm_fusion_dot.166_computation.clone, backend_config={"operation_queue_id":"0","fusion_backend_config":{"kind":"__triton_nested_gemm_fusion","block_level_fusion_config":{"num_warps":"8","output_tiles":[{"sizes":["256","128"]}],"num_ctas":1,"num_stages":4,"is_tma_allowed":false,"is_warp_specialization_allowed":false,"waves_per_eu":0}},"force_earliest_schedule":false,"reification_cost":[],"device_type":"DEVICE_TYPE_INVALID"}Computation: gemm_fusion_dot.166_computation.clone {
  parameter_1.80 = f32[1536,512]{1,0} parameter(1)
  convert_element_type.2028 = bf16[1536,512]{1,0} convert(parameter_1.80)
  parameter_0.80 = bf16[9344160,1536]{1,0} parameter(0)
  dot.338 = bf16[512,9344160]{0,1} dot(convert_element_type.2028, parameter_0.80), lhs_contracting_dims={0}, rhs_contracting_dims={1}, backend_config={"sizes":["64"]}
  ROOT bitcast.665 = bf16[9344160,512]{1,0} bitcast(dot.338)
}]
EXECUTION FAILED: RESOURCE_EXHAUSTED: Out of memory while trying to allocate 8.91GiB. [tf-allocator-allocation-error='']
EXECUTION FAILED: RESOURCE_EXHAUSTED: Out of memory while trying to allocate 8.91GiB. [tf-allocator-allocation-error='']
EXECUTION FAILED: RESOURCE_EXHAUSTED: Out of memory while trying to allocate 8.91GiB. [tf-allocator-allocation-error='']
EXECUTION FAILED: RESOURCE_EXHAUSTED: Out of memory while trying to allocate 8.91GiB. [tf-allocator-allocation-error='']
EXECUTION FAILED: RESOURCE_EXHAUSTED: Out of memory while trying to allocate 8.91GiB. [tf-allocator-allocation-error='']
EXECUTION FAILED: RESOURCE_EXHAUSTED: Out of memory while trying to allocate 8.91GiB. [tf-allocator-allocation-error='']
EXECUTION FAILED: RESOURCE_EXHAUSTED: Out of memory while trying to allocate 8.91GiB. [tf-allocator-allocation-error='']
EXECUTION FAILED: RESOURCE_EXHAUSTED: Out of memory while trying to allocate 8.91GiB. [tf-allocator-allocation-error='']
EXECUTION FAILED: RESOURCE_EXHAUSTED: Out of memory while trying to allocate 8.91GiB. [tf-allocator-allocation-error='']
EXECUTION FAILED: RESOURCE_EXHAUSTED: Out of memory while trying to allocate 8.91GiB. [tf-allocator-allocation-error='']
EXECUTION FAILED: RESOURCE_EXHAUSTED: Out of memory while trying to allocate 8.91GiB. [tf-allocator-allocation-error='']
EXECUTION FAILED: RESOURCE_EXHAUSTED: Out of memory while trying to allocate 8.91GiB. [tf-allocator-allocation-error='']
EXECUTION FAILED: RESOURCE_EXHAUSTED: Out of memory while trying to allocate 8.91GiB. [tf-allocator-allocation-error='']
EXECUTION FAILED: RESOURCE_EXHAUSTED: Out of memory while trying to allocate 8.91GiB. [tf-allocator-allocation-error='']
EXECUTION FAILED: RESOURCE_EXHAUSTED: Out of memory while trying to allocate 8.91GiB. [tf-allocator-allocation-error='']
EXECUTION FAILED: RESOURCE_EXHAUSTED: Out of memory while trying to allocate 8.91GiB. [tf-allocator-allocation-error='']
EXECUTION FAILED: RESOURCE_EXHAUSTED: Out of memory while trying to allocate 8.91GiB. [tf-allocator-allocation-error='']
EXECUTION FAILED: RESOURCE_EXHAUSTED: Out of memory while trying to allocate 8.91GiB. [tf-allocator-allocation-error='']
EXECUTION FAILED: RESOURCE_EXHAUSTED: Out of memory while trying to allocate 8.91GiB. [tf-allocator-allocation-error='']
EXECUTION FAILED: RESOURCE_EXHAUSTED: Out of memory while trying to allocate 8.91GiB. [tf-allocator-allocation-error='']
EXECUTION FAILED: RESOURCE_EXHAUSTED: Out of memory while trying to allocate 8.91GiB. [tf-allocator-allocation-error='']
EXECUTION FAILED: RESOURCE_EXHAUSTED: Out of memory while trying to allocate 8.91GiB. [tf-allocator-allocation-error='']
EXECUTION FAILED: RESOURCE_EXHAUSTED: Out of memory while trying to allocate 8.91GiB. [tf-allocator-allocation-error='']
EXECUTION FAILED: RESOURCE_EXHAUSTED: Out of memory while trying to allocate 8.91GiB. [tf-allocator-allocation-error='']
EXECUTION FAILED: RESOURCE_EXHAUSTED: Out of memory while trying to allocate 8.91GiB. [tf-allocator-allocation-error='']
EXECUTION FAILED: RESOURCE_EXHAUSTED: Out of memory while trying to allocate 8.91GiB. [tf-allocator-allocation-error='']
EXECUTION FAILED: RESOURCE_EXHAUSTED: Out of memory while trying to allocate 8.91GiB. [tf-allocator-allocation-error='']
/home/chengzy/graphcast/graphcast/rollout.py:330: FutureWarning: The return type of `Dataset.dims` will be changed to return a set of dimension names in future, in order to be more consistent with `DataArray.dims`. To access a mapping from dimension names to lengths, please use `Dataset.sizes`.
  num_target_steps = targets_template.dims["time"]
/home/chengzy/graphcast/graphcast/autoregressive.py:202: FutureWarning: The return type of `Dataset.dims` will be changed to return a set of dimension names in future, in order to be more consistent with `DataArray.dims`. To access a mapping from dimension names to lengths, please use `Dataset.sizes`.
  scan_length = targets_template.dims['time']
WARNING:absl:Skipping gradient checkpointing for sequence length of 1
/home/chengzy/graphcast/graphcast/autoregressive.py:115: FutureWarning: The return type of `Dataset.dims` will be changed to return a set of dimension names in future, in order to be more consistent with `DataArray.dims`. To access a mapping from dimension names to lengths, please use `Dataset.sizes`.
  num_inputs = inputs.dims['time']
/home/chengzy/graphcast/graphcast/rollout.py:437: FutureWarning: The return type of `Dataset.dims` will be changed to return a set of dimension names in future, in order to be more consistent with `DataArray.dims`. To access a mapping from dimension names to lengths, please use `Dataset.sizes`.
  num_inputs = prev_inputs.dims["time"]
/home/chengzy/graphcast/graphcast/rollout.py:439: FutureWarning: In a future version of xarray the default value for compat will change from compat='equals' to compat='override'. This change will result in the following ValueError: Cannot specify both data_vars='different' and compat='override'. The recommendation is to set compat explicitly for this case.
  xarray.concat(
/home/chengzy/.conda/envs/graphcast/lib/python3.11/site-packages/zarr/api/asynchronous.py:247: ZarrUserWarning: Consolidated metadata is currently not part in the Zarr format 3 specification. It may not be supported by other zarr implementations and may change in the future.
  warnings.warn(
INFO:graphcast:proceeding 2021-01-01T01:00:00.000000000
/home/chengzy/graphcast/graphcast/rollout.py:330: FutureWarning: The return type of `Dataset.dims` will be changed to return a set of dimension names in future, in order to be more consistent with `DataArray.dims`. To access a mapping from dimension names to lengths, please use `Dataset.sizes`.
  num_target_steps = targets_template.dims["time"]
/home/chengzy/graphcast/graphcast/rollout.py:437: FutureWarning: The return type of `Dataset.dims` will be changed to return a set of dimension names in future, in order to be more consistent with `DataArray.dims`. To access a mapping from dimension names to lengths, please use `Dataset.sizes`.
  num_inputs = prev_inputs.dims["time"]
/home/chengzy/graphcast/graphcast/rollout.py:439: FutureWarning: In a future version of xarray the default value for compat will change from compat='equals' to compat='override'. This change will result in the following ValueError: Cannot specify both data_vars='different' and compat='override'. The recommendation is to set compat explicitly for this case.
  xarray.concat(
/home/chengzy/.conda/envs/graphcast/lib/python3.11/site-packages/zarr/api/asynchronous.py:247: ZarrUserWarning: Consolidated metadata is currently not part in the Zarr format 3 specification. It may not be supported by other zarr implementations and may change in the future.
  warnings.warn(
INFO:graphcast:proceeding 2021-01-01T02:00:00.000000000
/home/chengzy/graphcast/graphcast/rollout.py:330: FutureWarning: The return type of `Dataset.dims` will be changed to return a set of dimension names in future, in order to be more consistent with `DataArray.dims`. To access a mapping from dimension names to lengths, please use `Dataset.sizes`.
  num_target_steps = targets_template.dims["time"]
/home/chengzy/graphcast/graphcast/rollout.py:437: FutureWarning: The return type of `Dataset.dims` will be changed to return a set of dimension names in future, in order to be more consistent with `DataArray.dims`. To access a mapping from dimension names to lengths, please use `Dataset.sizes`.
  num_inputs = prev_inputs.dims["time"]
/home/chengzy/graphcast/graphcast/rollout.py:439: FutureWarning: In a future version of xarray the default value for compat will change from compat='equals' to compat='override'. This change will result in the following ValueError: Cannot specify both data_vars='different' and compat='override'. The recommendation is to set compat explicitly for this case.
  xarray.concat(
/home/chengzy/.conda/envs/graphcast/lib/python3.11/site-packages/zarr/api/asynchronous.py:247: ZarrUserWarning: Consolidated metadata is currently not part in the Zarr format 3 specification. It may not be supported by other zarr implementations and may change in the future.
  warnings.warn(
INFO:graphcast:proceeding 2021-01-01T03:00:00.000000000
/home/chengzy/graphcast/graphcast/rollout.py:330: FutureWarning: The return type of `Dataset.dims` will be changed to return a set of dimension names in future, in order to be more consistent with `DataArray.dims`. To access a mapping from dimension names to lengths, please use `Dataset.sizes`.
  num_target_steps = targets_template.dims["time"]
/home/chengzy/graphcast/graphcast/rollout.py:437: FutureWarning: The return type of `Dataset.dims` will be changed to return a set of dimension names in future, in order to be more consistent with `DataArray.dims`. To access a mapping from dimension names to lengths, please use `Dataset.sizes`.
  num_inputs = prev_inputs.dims["time"]
/home/chengzy/graphcast/graphcast/rollout.py:439: FutureWarning: In a future version of xarray the default value for compat will change from compat='equals' to compat='override'. This change will result in the following ValueError: Cannot specify both data_vars='different' and compat='override'. The recommendation is to set compat explicitly for this case.
  xarray.concat(
/home/chengzy/.conda/envs/graphcast/lib/python3.11/site-packages/zarr/api/asynchronous.py:247: ZarrUserWarning: Consolidated metadata is currently not part in the Zarr format 3 specification. It may not be supported by other zarr implementations and may change in the future.
  warnings.warn(
INFO:graphcast:proceeding 2021-01-01T04:00:00.000000000
/home/chengzy/graphcast/graphcast/rollout.py:330: FutureWarning: The return type of `Dataset.dims` will be changed to return a set of dimension names in future, in order to be more consistent with `DataArray.dims`. To access a mapping from dimension names to lengths, please use `Dataset.sizes`.
  num_target_steps = targets_template.dims["time"]
/home/chengzy/graphcast/graphcast/rollout.py:437: FutureWarning: The return type of `Dataset.dims` will be changed to return a set of dimension names in future, in order to be more consistent with `DataArray.dims`. To access a mapping from dimension names to lengths, please use `Dataset.sizes`.
  num_inputs = prev_inputs.dims["time"]
/home/chengzy/graphcast/graphcast/rollout.py:439: FutureWarning: In a future version of xarray the default value for compat will change from compat='equals' to compat='override'. This change will result in the following ValueError: Cannot specify both data_vars='different' and compat='override'. The recommendation is to set compat explicitly for this case.
  xarray.concat(
<xarray.Dataset> Size: 1GB
Dimensions:                  (time: 4, batch: 1, lat: 721, lon: 1440, level: 13)
Coordinates:
  * time                     (time) int64 32B 6 12 18 24
  * lat                      (lat) float64 6kB -90.0 -89.75 -89.5 ... 89.75 90.0
  * lon                      (lon) float64 12kB 0.0 0.25 0.5 ... 359.5 359.8
  * level                    (level) float64 104B 1e+03 925.0 ... 100.0 50.0
Dimensions without coordinates: batch
Data variables:
    10m_u_component_of_wind  (time, batch, lat, lon) float32 17MB 0.9373 ... ...
    10m_v_component_of_wind  (time, batch, lat, lon) float32 17MB -0.4353 ......
    2m_temperature           (time, batch, lat, lon) float32 17MB 243.0 ... 2...
    geopotential             (time, batch, level, lat, lon) float32 216MB -1....
    mean_sea_level_pressure  (time, batch, lat, lon) float32 17MB 9.863e+04 ....
    specific_humidity        (time, batch, level, lat, lon) float32 216MB 9.6...
    temperature              (time, batch, level, lat, lon) float32 216MB 265...
    total_precipitation_6hr  (time, batch, lat, lon) float32 17MB 0.002572 .....
    u_component_of_wind      (time, batch, level, lat, lon) float32 216MB 0.1...
    v_component_of_wind      (time, batch, level, lat, lon) float32 216MB 1.9...
    vertical_velocity        (time, batch, level, lat, lon) float32 216MB -0....
<xarray.DataArray 'datetime' (batch: 1, time: 4)> Size: 32B
array([['2021-01-01T12:00:00.000000000', '2021-01-01T18:00:00.000000000',
        '2021-01-02T00:00:00.000000000', '2021-01-02T06:00:00.000000000']],
      dtype='datetime64[ns]')
Coordinates:
  * batch     (batch) int64 8B 0
  * time      (time) int64 32B 6 12 18 24
    datetime  (batch, time) datetime64[ns] 32B 2021-01-01T12:00:00 ... 2021-0...
<xarray.Dataset> Size: 1GB
Dimensions:                  (time: 4, batch: 1, lat: 721, lon: 1440, level: 13)
Coordinates:
  * time                     (time) int64 32B 6 12 18 24
  * lat                      (lat) float64 6kB -90.0 -89.75 -89.5 ... 89.75 90.0
  * lon                      (lon) float64 12kB 0.0 0.25 0.5 ... 359.5 359.8
  * level                    (level) float64 104B 1e+03 925.0 ... 100.0 50.0
Dimensions without coordinates: batch
Data variables:
    10m_u_component_of_wind  (time, batch, lat, lon) float32 17MB 0.9127 ... ...
    10m_v_component_of_wind  (time, batch, lat, lon) float32 17MB -0.3956 ......
    2m_temperature           (time, batch, lat, lon) float32 17MB 243.0 ... 2...
    geopotential             (time, batch, level, lat, lon) float32 216MB -98...
    mean_sea_level_pressure  (time, batch, lat, lon) float32 17MB 9.867e+04 ....
    specific_humidity        (time, batch, level, lat, lon) float32 216MB 0.0...
    temperature              (time, batch, level, lat, lon) float32 216MB 265...
    total_precipitation_6hr  (time, batch, lat, lon) float32 17MB 0.002572 .....
    u_component_of_wind      (time, batch, level, lat, lon) float32 216MB 0.3...
    v_component_of_wind      (time, batch, level, lat, lon) float32 216MB 2.0...
    vertical_velocity        (time, batch, level, lat, lon) float32 216MB -0....
<xarray.DataArray 'datetime' (batch: 1, time: 4)> Size: 32B
array([['2021-01-01T13:00:00.000000000', '2021-01-01T19:00:00.000000000',
        '2021-01-02T01:00:00.000000000', '2021-01-02T07:00:00.000000000']],
      dtype='datetime64[ns]')
Coordinates:
  * batch     (batch) int64 8B 0
  * time      (time) int64 32B 6 12 18 24
    datetime  (batch, time) datetime64[ns] 32B 2021-01-01T13:00:00 ... 2021-0...
<xarray.Dataset> Size: 1GB
Dimensions:                  (time: 4, batch: 1, lat: 721, lon: 1440, level: 13)
Coordinates:
  * time                     (time) int64 32B 6 12 18 24
  * lat                      (lat) float64 6kB -90.0 -89.75 -89.5 ... 89.75 90.0
  * lon                      (lon) float64 12kB 0.0 0.25 0.5 ... 359.5 359.8
  * level                    (level) float64 104B 1e+03 925.0 ... 100.0 50.0
Dimensions without coordinates: batch
Data variables:
    10m_u_component_of_wind  (time, batch, lat, lon) float32 17MB 1.013 ... 1...
    10m_v_component_of_wind  (time, batch, lat, lon) float32 17MB -0.4334 ......
    2m_temperature           (time, batch, lat, lon) float32 17MB 242.9 ... 2...
    geopotential             (time, batch, level, lat, lon) float32 216MB -99...
    mean_sea_level_pressure  (time, batch, lat, lon) float32 17MB 9.865e+04 ....
    specific_humidity        (time, batch, level, lat, lon) float32 216MB 5.3...
    temperature              (time, batch, level, lat, lon) float32 216MB 265...
    total_precipitation_6hr  (time, batch, lat, lon) float32 17MB 0.002557 .....
    u_component_of_wind      (time, batch, level, lat, lon) float32 216MB 0.3...
    v_component_of_wind      (time, batch, level, lat, lon) float32 216MB 1.9...
    vertical_velocity        (time, batch, level, lat, lon) float32 216MB -0....
<xarray.DataArray 'datetime' (batch: 1, time: 4)> Size: 32B
array([['2021-01-01T14:00:00.000000000', '2021-01-01T20:00:00.000000000',
        '2021-01-02T02:00:00.000000000', '2021-01-02T08:00:00.000000000']],
      dtype='datetime64[ns]')
Coordinates:
  * batch     (batch) int64 8B 0
  * time      (time) int64 32B 6 12 18 24
    datetime  (batch, time) datetime64[ns] 32B 2021-01-01T14:00:00 ... 2021-0...
<xarray.Dataset> Size: 1GB
Dimensions:                  (time: 4, batch: 1, lat: 721, lon: 1440, level: 13)
Coordinates:
  * time                     (time) int64 32B 6 12 18 24
  * lat                      (lat) float64 6kB -90.0 -89.75 -89.5 ... 89.75 90.0
  * lon                      (lon) float64 12kB 0.0 0.25 0.5 ... 359.5 359.8
  * level                    (level) float64 104B 1e+03 925.0 ... 100.0 50.0
Dimensions without coordinates: batch
Data variables:
    10m_u_component_of_wind  (time, batch, lat, lon) float32 17MB 1.031 ... 1...
    10m_v_component_of_wind  (time, batch, lat, lon) float32 17MB -0.397 ... ...
    2m_temperature           (time, batch, lat, lon) float32 17MB 242.3 ... 2...
    geopotential             (time, batch, level, lat, lon) float32 216MB -98...
    mean_sea_level_pressure  (time, batch, lat, lon) float32 17MB 9.865e+04 ....
    specific_humidity        (time, batch, level, lat, lon) float32 216MB 5.3...
    temperature              (time, batch, level, lat, lon) float32 216MB 265...
    total_precipitation_6hr  (time, batch, lat, lon) float32 17MB 0.002648 .....
    u_component_of_wind      (time, batch, level, lat, lon) float32 216MB 0.5...
    v_component_of_wind      (time, batch, level, lat, lon) float32 216MB 2.0...
    vertical_velocity        (time, batch, level, lat, lon) float32 216MB -0....
<xarray.DataArray 'datetime' (batch: 1, time: 4)> Size: 32B
array([['2021-01-01T15:00:00.000000000', '2021-01-01T21:00:00.000000000',
        '2021-01-02T03:00:00.000000000', '2021-01-02T09:00:00.000000000']],
      dtype='datetime64[ns]')
Coordinates:
  * batch     (batch) int64 8B 0
  * time      (time) int64 32B 6 12 18 24
    datetime  (batch, time) datetime64[ns] 32B 2021-01-01T15:00:00 ... 2021-0...
<xarray.Dataset> Size: 1GB
Dimensions:                  (time: 4, batch: 1, lat: 721, lon: 1440, level: 13)
Coordinates:
  * time                     (time) int64 32B 6 12 18 24
  * lat                      (lat) float64 6kB -90.0 -89.75 -89.5 ... 89.75 90.0
  * lon                      (lon) float64 12kB 0.0 0.25 0.5 ... 359.5 359.8
  * level                    (level) float64 104B 1e+03 925.0 ... 100.0 50.0
Dimensions without coordinates: batch
Data variables:
    10m_u_component_of_wind  (time, batch, lat, lon) float32 17MB 1.108 ... 1...
    10m_v_component_of_wind  (time, batch, lat, lon) float32 17MB -0.4086 ......
    2m_temperature           (time, batch, lat, lon) float32 17MB 243.6 ... 2...
    geopotential             (time, batch, level, lat, lon) float32 216MB -1....
    mean_sea_level_pressure  (time, batch, lat, lon) float32 17MB 9.855e+04 ....
    specific_humidity        (time, batch, level, lat, lon) float32 216MB 5.9...
    temperature              (time, batch, level, lat, lon) float32 216MB 265...
    total_precipitation_6hr  (time, batch, lat, lon) float32 17MB 0.00274 ......
    u_component_of_wind      (time, batch, level, lat, lon) float32 216MB 0.7...
    v_component_of_wind      (time, batch, level, lat, lon) float32 216MB 1.9...
    vertical_velocity        (time, batch, level, lat, lon) float32 216MB -0..../home/chengzy/.conda/envs/graphcast/lib/python3.11/site-packages/zarr/api/asynchronous.py:247: ZarrUserWarning: Consolidated metadata is currently not part in the Zarr format 3 specification. It may not be supported by other zarr implementations and may change in the future.
  warnings.warn(
INFO:graphcast:proceeding 2021-01-01T05:00:00.000000000
/home/chengzy/graphcast/graphcast/rollout.py:330: FutureWarning: The return type of `Dataset.dims` will be changed to return a set of dimension names in future, in order to be more consistent with `DataArray.dims`. To access a mapping from dimension names to lengths, please use `Dataset.sizes`.
  num_target_steps = targets_template.dims["time"]
/home/chengzy/graphcast/graphcast/rollout.py:437: FutureWarning: The return type of `Dataset.dims` will be changed to return a set of dimension names in future, in order to be more consistent with `DataArray.dims`. To access a mapping from dimension names to lengths, please use `Dataset.sizes`.
  num_inputs = prev_inputs.dims["time"]
/home/chengzy/graphcast/graphcast/rollout.py:439: FutureWarning: In a future version of xarray the default value for compat will change from compat='equals' to compat='override'. This change will result in the following ValueError: Cannot specify both data_vars='different' and compat='override'. The recommendation is to set compat explicitly for this case.
  xarray.concat(
/home/chengzy/.conda/envs/graphcast/lib/python3.11/site-packages/zarr/api/asynchronous.py:247: ZarrUserWarning: Consolidated metadata is currently not part in the Zarr format 3 specification. It may not be supported by other zarr implementations and may change in the future.
  warnings.warn(
INFO:graphcast:proceeding 2021-01-01T06:00:00.000000000

<xarray.DataArray 'datetime' (batch: 1, time: 4)> Size: 32B
array([['2021-01-01T16:00:00.000000000', '2021-01-01T22:00:00.000000000',
        '2021-01-02T04:00:00.000000000', '2021-01-02T10:00:00.000000000']],
      dtype='datetime64[ns]')
Coordinates:
  * batch     (batch) int64 8B 0
  * time      (time) int64 32B 6 12 18 24
    datetime  (batch, time) datetime64[ns] 32B 2021-01-01T16:00:00 ... 2021-0...
<xarray.Dataset> Size: 1GB
Dimensions:                  (time: 4, batch: 1, lat: 721, lon: 1440, level: 13)
Coordinates:
  * time                     (time) int64 32B 6 12 18 24
  * lat                      (lat) float64 6kB -90.0 -89.75 -89.5 ... 89.75 90.0
  * lon                      (lon) float64 12kB 0.0 0.25 0.5 ... 359.5 359.8
  * level                    (level) float64 104B 1e+03 925.0 ... 100.0 50.0
Dimensions without coordinates: batch
Data variables:
    10m_u_component_of_wind  (time, batch, lat, lon) float32 17MB 1.121 ... 1...
    10m_v_component_of_wind  (time, batch, lat, lon) float32 17MB -0.3711 ......
    2m_temperature           (time, batch, lat, lon) float32 17MB 243.5 ... 2...
    geopotential             (time, batch, level, lat, lon) float32 216MB -1....
    mean_sea_level_pressure  (time, batch, lat, lon) float32 17MB 9.856e+04 ....
    specific_humidity        (time, batch, level, lat, lon) float32 216MB 8.0...
    temperature              (time, batch, level, lat, lon) float32 216MB 265...
    total_precipitation_6hr  (time, batch, lat, lon) float32 17MB 0.002861 .....
    u_component_of_wind      (time, batch, level, lat, lon) float32 216MB 0.5...
    v_component_of_wind      (time, batch, level, lat, lon) float32 216MB 1.9...
    vertical_velocity        (time, batch, level, lat, lon) float32 216MB -0....
<xarray.DataArray 'datetime' (batch: 1, time: 4)> Size: 32B
array([['2021-01-01T17:00:00.000000000', '2021-01-01T23:00:00.000000000',
        '2021-01-02T05:00:00.000000000', '2021-01-02T11:00:00.000000000']],
      dtype='datetime64[ns]')
Coordinates:
  * batch     (batch) int64 8B 0
  * time      (time) int64 32B 6 12 18 24
    datetime  (batch, time) datetime64[ns] 32B 2021-01-01T17:00:00 ... 2021-0...
CRITICAL:graphcast:Uncaught exception
Traceback (most recent call last):
  File "/home/chengzy/graphcast/run_gr.py", line 341, in <module>
    main()
  File "/home/chengzy/graphcast/run_gr.py", line 321, in main
    dt, inputs, targets, forcings = loader.update(idx)
                                    ^^^^^^^^^^^^^^^^^^
  File "/home/chengzy/graphcast/run_gr.py", line 175, in update
    inputs = self.get_chunk(start + self.input_batch_idx)
             ^^^^^^^^^^^^^^^^^^^^^^^^^^^^^^^^^^^^^^^^^^^^
  File "/home/chengzy/graphcast/run_gr.py", line 195, in get_chunk
    return xr.merge([self.upper_cache.claim(idx),
                    ^^^^^^^^^^^^^^^^^^^^^^^^^^^
  File "/home/chengzy/graphcast/run_gr.py", line 229, in claim
    self.cache[1].isel(time=idx2)], dim='time')
    ^^^^^^^^^^^^^^^^^^^^^^^^^^^^^
  File "/home/chengzy/.conda/envs/graphcast/lib/python3.11/site-packages/xarray/core/dataset.py", line 2877, in isel
    indexes, index_variables = isel_indexes(self.xindexes, indexers)
                               ^^^^^^^^^^^^^^^^^^^^^^^^^^^^^^^^^^^^^
  File "/home/chengzy/.conda/envs/graphcast/lib/python3.11/site-packages/xarray/core/indexes.py", line 2218, in isel_indexes
    return _apply_indexes_fast(indexes, indexers, "isel")
           ^^^^^^^^^^^^^^^^^^^^^^^^^^^^^^^^^^^^^^^^^^^^^^
  File "/home/chengzy/.conda/envs/graphcast/lib/python3.11/site-packages/xarray/core/indexes.py", line 2169, in _apply_indexes_fast
    new_index = getattr(index, func)(index_args)
                ^^^^^^^^^^^^^^^^^^^^^^^^^^^^^^^^
  File "/home/chengzy/.conda/envs/graphcast/lib/python3.11/site-packages/xarray/core/indexes.py", line 837, in isel
    return self._replace(self.index[indxr])  # type: ignore[index,unused-ignore]
                         ~~~~~~~~~~^^^^^^^
  File "/home/chengzy/.conda/envs/graphcast/lib/python3.11/site-packages/pandas/core/indexes/base.py", line 5425, in __getitem__
    result = getitem(key)
             ^^^^^^^^^^^^
IndexError: index 12 is out of bounds for axis 0 with size 12
